name,category,image
butter,Dairy,http://t1.gstatic.com/images?q=tbn:ANd9GcRg8uhZlJUDfJyPkwJWUOhByeno40jNhAs6fck3ZTyFA-3GVrlhTauZsu5e
onion,Vegetables,http://t1.gstatic.com/images?q=tbn:ANd9GcS1Rj6zdpPixl27CMW-NY5OX3FO_5wIoahBcuxvPch74NEEtri8mn2rv2zH
lemon,Fruits,http://t1.gstatic.com/images?q=tbn:ANd9GcRX2GgBZn1jQfb8-EaWYy0rZwS_l5VvsPEMHX-lFBMhEjMpu8V5SzYVwCeN
rice,Baking & Grains,http://t1.gstatic.com/images?q=tbn:ANd9GcQMF7EJ7nSTA33gZa3FP1qqlPqkCIXHBemVNBQ6BIgc0mm-uL81gXFBVvs_
sugar,Added Sweetners,http://t1.gstatic.com/images?q=tbn:ANd9GcQIsShhUov7gQaNUE6tJ42N0q_uUugpPjYiTl9mmzEy_C3aPlb5ptiaPZc
cinnamon,Spices,http://t1.gstatic.com/images?q=tbn:ANd9GcRJfE_bhHThzB5ju4KS37dMfGmkUONj2ClhyI7FX7KLBkH0u3K2M39XvlU
chicken breast,Meats,http://t1.gstatic.com/images?q=tbn:ANd9GcSJk2LqjKXlugWyg-66cbWDifBFlCsKPv8yzR7qMHTcGdz8hdsSSunTF1D3
canned tuna,Fish,http://t1.gstatic.com/images?q=tbn:ANd9GcQoxooG9MpEwo9LfxUMvN7sAn-M6YF9XBsX983YdgKbjz2S2cWZ6X5u9R4
shrimp,Seafood,http://t1.gstatic.com/images?q=tbn:ANd9GcTUNrnvFuvNFReWII05aXYl1l93OAffKHZBhggKZoH4B2nD4HON4AczA7w
mayonnaise,condiments,http://t1.gstatic.com/images?q=tbn:ANd9GcR5xXEs3N-xaF5uywQN1K31ygoxnK-19_m3tHtnetIJn5TH7_7Xguxvciw
olive oil,Oils,http://t1.gstatic.com/images?q=tbn:ANd9GcSiY0TS-rz-5ST0CTNwztHcO5krH8ketzimW04eh75_RTsC-r9KegPys0iUGg
bouillon,Seasonings,http://t1.gstatic.com/images?q=tbn:ANd9GcRDLNe-3lQ3Bzcka_Ralal0nsD7T9k3koDHPn5Hd_EoMcdq7uIFHH-D29A
tomato sauce,Sauces,http://t1.gstatic.com/images?q=tbn:ANd9GcTYw17k70iyyVpGSEhd3EvHFkFo0vjjx_EgZnGqaa5kAwwRgVJz4yypC4V7
white wine,Alcohol,http://t1.gstatic.com/images?q=tbn:ANd9GcQpxMxLD3Jax2bkzqkvXvHjxK3Hl9et9RzxlYAtuvkD3d_xsh42lnxI55YS
chicken broth,Soup,http://t1.gstatic.com/images?q=tbn:ANd9GcRoC_Ubt8k95UW8UW1IqHlC8UHMnmJQXO-Y7-HLY4QUQm-Dwl-iHYLCRZOV
peanut butter,Nuts,http://t1.gstatic.com/images?q=tbn:ANd9GcTqpUl0IIG3w8lhvD23AQmY-851RBrkiK2st7ifs7xnEBnroZDT6JTSwQnx
margarine,Dairy Alternatives,http://t1.gstatic.com/images?q=tbn:ANd9GcTzKtxx1NivOVQj06wl-S_Fldq2Zbuamk4PlBuU8zl_O0kuYt4XMpWRqyw
chocolate,Desserts&Snacks,http://t1.gstatic.com/images?q=tbn:ANd9GcQAIBv4vPLg6t_8PZbONrBihMQECbAmbw3Cj9ohUzLWHe1DEn2OK3SbjdRE
coffee,Beverages,http://t1.gstatic.com/images?q=tbn:ANd9GcSzCc1D2coylbncTEjbacE-0pKdh9rM2Uu_PuE6bOaWWpHUqRjJJ_KzQIw
egg,Dairy,http://t1.gstatic.com/images?q=tbn:ANd9GcQr4JR8gILhZEMOxeLM8nkg_m3XNPQc1RQuhx1vq0lM3YwqiuR6-qWzYkeaHQ
garlic,Vegetables,http://t1.gstatic.com/images?q=tbn:ANd9GcR74z2nppcI4ZW77Evl_wSVY54oeSAYrtyYtsXHFYXy9PLHpITAyu1CqLI
apple,Fruits,https://image.shutterstock.com/image-photo/red-apple-on-white-background-260nw-158989157.jpg
pasta,Baking & Grains,http://t1.gstatic.com/images?q=tbn:ANd9GcR8Gm29qz5Q0A-UA-9GEy6PJs2NjEcD-I-OCWbDohvqBQ_xeEzox4lisBkF
brown sugar,Added Sweetners,http://t1.gstatic.com/images?q=tbn:ANd9GcRmKudiRsr5QN1ai3LaNkHdTY2MBWcsnbd5bigIIVhdO99kGcmqgAXbQKs39g
vanilla,Spices,http://t1.gstatic.com/images?q=tbn:ANd9GcRQPhimLE9UGE-r3WKfXKDocpCOzrI0VZUXuLqem66c-SmD5Hm3GaYh8I8
ground beef,Meats,http://t1.gstatic.com/images?q=tbn:ANd9GcRzhfoPUs5yNAIkd1Zjvt6qegyg-wX_86rYCmQ8dUpl1E8mIby89Qd24Nsq
salmon,Fish,http://t1.gstatic.com/images?q=tbn:ANd9GcRAX_iPgCuYL0jQiU6IMuQm1fy8lni-oFigUVv7CNGwBOEb1J175j5O4Pvs
crab,Seafood,http://t1.gstatic.com/images?q=tbn:ANd9GcTgJERb6fmA_TJPidfhuZcjewdFX9L8-8xYlL4E8e9gocY0Nyt2Ktqua3s
ketchup,condiments,http://t1.gstatic.com/images?q=tbn:ANd9GcTZPKZkIuWExBBeadD-B8WX341GsYryOE0QrwGfYfRQtJ5p6Pb2Dvuvvy68
vegetable oil,Oils,http://t1.gstatic.com/images?q=tbn:ANd9GcSt3_Z_N5k7HI9ZJMlWeEdsqIhbIOCZKDamdUVJhn2IS3OBTa3Qsp8Vzr0S
ground ginger,Seasonings,http://t1.gstatic.com/images?q=tbn:ANd9GcQMgiXDFYupp8ruEZt6q5kB4S1mah64EVWUT5gqFo66gT8Tlbgem0o7jzs
tomato paste,Sauces,http://t1.gstatic.com/images?q=tbn:ANd9GcSPF5OvKu8WJ0S8kKaLPexubZtQYSsCsLV8zaLHB_ENK6Hs8IZM3Xu2o-9z
peas,Legumes,http://t1.gstatic.com/images?q=tbn:ANd9GcR60OPJRC4FXY9HOd_iuhcyPKJjO4Oau3Z6ZWT1MJ_P7-XU9lGUJSKq-6bA4w
beer,Alcohol,http://t1.gstatic.com/images?q=tbn:ANd9GcSfKXFkMuTwwj0vycdWL03dF7GrxByjMwM-icz13KLBPYRBDstwUweAxqo
mushroom soup,Soup,http://t1.gstatic.com/images?q=tbn:ANd9GcQVLoOfbOc0t553N8-eY8FsTZ1kfrJYNSeiZl3YnybWBNdP8_6y42viDuk
almond,Nuts,http://t1.gstatic.com/images?q=tbn:ANd9GcQ15PGmFEkYFz1gugqwk5ttEaH-z9tvn6sTELfDUfuvOYAjLeqoptCIIAA
coconut milk,Dairy Alternatives,http://t1.gstatic.com/images?q=tbn:ANd9GcQjh2nUT-QXhc-nyV_uo3dXEn_rM1BAGVd6K13JLWS0yFWB0nEmRRtuInL6
apple sauce,Desserts&Snacks,http://t1.gstatic.com/images?q=tbn:ANd9GcT77JCXtSr7xiULR4Tf7_eWxSkHwbh5mnSRHqC36kz3Y6pTD04JCnCB0ZY
orange juice,Beverages,http://t1.gstatic.com/images?q=tbn:ANd9GcSH_0fKYmUtSkX3XzjzkzfnA2jyT1xt99BH8iyZ6yr4FraCaCCfe28rxXU
milk,Dairy,http://t1.gstatic.com/images?q=tbn:ANd9GcR5TGDF3ndRHql1DgjzsThPue6M1b4xjvZmUSlSpAiU_czOI6ee7Ipkj5fa
tomato,Vegetables,http://t1.gstatic.com/images?q=tbn:ANd9GcQfVJAY0RXFCVasoyLzt2BaBT7k-CspKZiaP7zZBJV9SuLKsffoValrhos
banana,Fruits,http://t1.gstatic.com/images?q=tbn:ANd9GcTPx-BB48wB1v5cn0nWWxM_Vitq5-q3D3V4RSB0TUE3Gac0428e79KiWpNy
flour,Baking & Grains,http://t1.gstatic.com/images?q=tbn:ANd9GcTJ0RGZZ-rrNZ0gkFRFHEUwyoo1cEESlswOC5qJBTen0R4nFi6LJuLLyX0
honey,Added Sweetners,http://t1.gstatic.com/images?q=tbn:ANd9GcSIL0lcZWn1TSYYWXO8jXGcwDaKe1ZNde_GXT04H5SriBx-aZyA5D5JDQE-
garlic powder,Spices,http://t1.gstatic.com/images?q=tbn:ANd9GcT9ZTd7NX-DokyVoGGWcv8roJOSgc1ut5u5Hw31zziIiiXfcICxUx44CD4
bacon,Meats,http://t1.gstatic.com/images?q=tbn:ANd9GcQSlVFFOQrQ92b_pKysb92V4b-4vLi9pkCqtAgG8XzR_S_xIfdxXvnxNso
tilapia,Fish,http://t1.gstatic.com/images?q=tbn:ANd9GcSbS-0goO6IFZcgb9Jo7MSj2W0m80GKxh_MscO_w6VTfxeizWl7xiffwlkz
prawns,Seafood,http://t1.gstatic.com/images?q=tbn:ANd9GcQ2O_EVMiTxaWxOeDVGjYOXC26w6-u0kxIvArYHtb_wwugDdTBLe9UIG25log
mustard,condiments,http://t1.gstatic.com/images?q=tbn:ANd9GcRLIYt-xsMbkixdu8OYT73sdNM6AKZeGftuyf4FVwq0xspuv-EYsBRFXW4
cooking spray,Oils,http://t1.gstatic.com/images?q=tbn:ANd9GcSppDf4p6NoS8e8F_kW1HS6wuze6zLuU0OUhvbmInUYUQNBi8S84eh5vYMj2g
sesame seed,Seasonings,http://t1.gstatic.com/images?q=tbn:ANd9GcSbkfbgNpCH5MJRbIGtana5rLitBJoQxqYrYY9Fzo0xXJzMh8YmVBRPeGs
salsa,Sauces,http://t1.gstatic.com/images?q=tbn:ANd9GcRHrOCYk58AhIN9QhmTni3FKncWPzFkx0SZ6K7rz7YRpZSFingrSfKXVUw6
black beans,Legumes,http://t1.gstatic.com/images?q=tbn:ANd9GcRo1TF1R8XukQScCy6lMu4M-Ls_kD8jAA_ABrugJBKibK9ykVwBmX56AAU
red wine,Alcohol,http://t1.gstatic.com/images?q=tbn:ANd9GcTTlmv3KUwZtpuEruTQFM4X5K8goTdoyocUvTZ7OUeF3k_rFvoybR6gLsk3
beef broth,Soup,http://t1.gstatic.com/images?q=tbn:ANd9GcQzHI4WB4TJ3Z6KzdO5gWihXkQGbfwyhoEZSE3e36ZfHU3cpTQVnp1n4JLm
walnut,Nuts,http://t1.gstatic.com/images?q=tbn:ANd9GcQgV6a3xGxjc2Oxo7IuSR0vzFN8l4LJMDtjROWl4vbTck_X_J0BXlSTZrQf
almond milk,Dairy Alternatives,http://t1.gstatic.com/images?q=tbn:ANd9GcTYCdrf4M5_aoo_mzpy9f4PLsrR1PTwI_gqlR28G2adKa8frGDKvr6nU6A1
strawberry jam,Desserts&Snacks,http://t1.gstatic.com/images?q=tbn:ANd9GcSKXaJYW_WrgRtbFHmwFZmLd-BJQoyKNGVN0xrafwCKOIRPe2sADiZjc00
tea,Beverages,http://t1.gstatic.com/images?q=tbn:ANd9GcRnI65CZvz4Mi6RJ__F65EXgevjX55rlANrI2sqJwo_COg_OPjuXjUQA0J5
parmesan,Dairy,http://t1.gstatic.com/images?q=tbn:ANd9GcSUVMprxjhT_Gd_AgTJfHcXJVILUVgDMno8MmkE3-AiMqwnSyhLogDbKWNG
potato,Vegetables,http://t1.gstatic.com/images?q=tbn:ANd9GcT-uYMBaFvxmPer5HQmYaxGBER51f3zcZ-ojPH_6fWDRFJaxakjnuxYjj0
lime,Fruits,http://t1.gstatic.com/images?q=tbn:ANd9GcS2Kla8Y4g7SBSQsM0AwRAYyqmSrXP-4ST_BCkLBgbxysvv7n-BKsn-4rc
bread,Baking & Grains,http://t1.gstatic.com/images?q=tbn:ANd9GcTSltG2ZAGqT3q01R2kH2FG-XWOZ0Ye08AjdDyuPG4aLwm8sKeOZ2Fw_1U
confectioners sugar,Added Sweetners,http://t1.gstatic.com/images?q=tbn:ANd9GcStAoRvQLvMJLnRaqD_mrIOUj38165k73s6szjtF7OONMlb6_2rFNkaPEs
paprika,Spices,http://t1.gstatic.com/images?q=tbn:ANd9GcS-geQbgFCeb2HPu7QMvwBza72l-epfn-lFckoWfW8Uauk7lSPOIkJuGPk
sausage,Meats,http://t1.gstatic.com/images?q=tbn:ANd9GcRrzsUVi1Ik9qLv0LauSx0b0D26iKtmHFhnsLb8acfhYPjwEDXE8eO5NMDn
fish fillets,Fish,http://t1.gstatic.com/images?q=tbn:ANd9GcTaNZeYPYdvfQGSWAFVII1XN0kgdfWNuzSKzjoVrpQntoApBiDPAL7n2q7Q
scallop,Seafood,http://t1.gstatic.com/images?q=tbn:ANd9GcQVV-RQjPzOSYBlFnOknXJd06iZ_weoN6J221CBvM29zOk5pp0vDC078Fs
vinegar,condiments,http://t1.gstatic.com/images?q=tbn:ANd9GcTs7SoWZmMODkFExixRt3YeK4QHntIcSAUCX35zrfVP5X4gbk1dySqsUET6
canola oil,Oils,http://t1.gstatic.com/images?q=tbn:ANd9GcRgshgoKdJH7ioHioaJdJWburLVgwYrgqs1bUUR9jGYZfEh-Xq5Z_ox9b8
cream of tartar,Seasonings,http://t1.gstatic.com/images?q=tbn:ANd9GcRMSoFT6JB4HGNtsW1YEeALcEkS3xJyMBiylmlLXlOSHXIO7ORxIi1_1mU
pesto,Sauces,http://t1.gstatic.com/images?q=tbn:ANd9GcRDYjFhUj2pPiigsLtU3O0qn4qHaemtYQgcMEVrccsKbp3BmO6_8Pumli0
chickpea,Legumes,http://t1.gstatic.com/images?q=tbn:ANd9GcQG23D7Aza3kAbh5wV7AhtdAnYrRYE9DPDnxyqOE4-_J7Uo40CXO6IfQUY
vodka,Alcohol,http://t1.gstatic.com/images?q=tbn:ANd9GcSe613qt5mDXv1LZboppliMYPh0xwX3iKnQI3McPjrqJ0S4_PGm2_R41hKE
tomato soup,Soup,http://t1.gstatic.com/images?q=tbn:ANd9GcQtIisUfOpLYky1xYH4l2nHilsYZ_P7KupRfM3VvvGmRuz0xBLffV80njoB
pecan,Nuts,http://t1.gstatic.com/images?q=tbn:ANd9GcTMGBM5aVHTW8m7c3-s24sAmh_CgwPwC9w8W1t9LOD-IQG7sE7FbtJALWAC
soy milk,Dairy Alternatives,http://t1.gstatic.com/images?q=tbn:ANd9GcSfVMtJfDFGkx1qaTk0IrrXo3414sajWXDhYw4WHf6pI14Z0OcLW0_c7Wjs
graham cracker,Desserts&Snacks,http://t1.gstatic.com/images?q=tbn:ANd9GcQcSDh9hXerQnxf_Y3qJu6pP-55ObqxAz8hdRwwsqpkcu2bNButQupTG2H_
green tea,Beverages,http://t1.gstatic.com/images?q=tbn:ANd9GcQtheYyHTqQi-9scsh1JnVonmHm2MvdOl_74vhh4zPZ6PlYssm8ubPbxMw
cheddar,Dairy,http://t1.gstatic.com/images?q=tbn:ANd9GcQajxdyMnlqi8mHQzUdPAV5KxWqocMsxYE-KkPR3uS-gqCPcplPOeqaDh06Lw
carrot,Vegetables,http://t1.gstatic.com/images?q=tbn:ANd9GcQgYBLPOEhIB-nAoT552S2n4ZX0HfH93BTW6cmRw9HM1Gl904l3CgGZVJMO
strawberry,Fruits,http://t1.gstatic.com/images?q=tbn:ANd9GcSj4ukdcGANADigAHPVloIfvqpqEYp_4JhUScixVeLy3UHVcN4rNhaQ2XS-
baking powder,Baking & Grains,http://t1.gstatic.com/images?q=tbn:ANd9GcT95g9OwuXsl3270ueiXHiyX3g0CfzKqMI96tJGcNO6QjOnyYDEFChF8OSePg
maple syrup,Added Sweetners,http://t1.gstatic.com/images?q=tbn:ANd9GcSC5_LmcO-Wc2xzo1x2N1Ene8GVT7kQERIj2BMLxkA99rzoDbegaM3g6FlkxQ
oregano,Spices,http://t1.gstatic.com/images?q=tbn:ANd9GcSstIqkaSis5zBxuUW9eqRzsjIB8RajodR9cPzLs4a_108QVpOToEnMS34
beef steak,Meats,http://t1.gstatic.com/images?q=tbn:ANd9GcTpzsw2yPk7YxbWAewKljoW-Vwir6xuUECdsq8jvnwMdj-zIaoS-glVTbKp
cod,Fish,http://t1.gstatic.com/images?q=tbn:ANd9GcSqrc7UIr255HaG6cgQIzqp9981kSAYAi4wYPa68IK7NNGinjcefWJhxZo
clam,Seafood,http://t1.gstatic.com/images?q=tbn:ANd9GcQcd1TRvLWCwJhdgJIzoT75QS_LT2wDlWwRJ0_LId-7OXK42jDNAu92AUs
soy sauce,condiments,http://t1.gstatic.com/images?q=tbn:ANd9GcQRxTND-rKDYW3M0Nu0ZaKvBtgS_GehDBa2dVIw3rmOm7pxxUKroh2_6jwqgQ
shortening,Oils,http://t1.gstatic.com/images?q=tbn:ANd9GcR5Av4OHtum7-ZHVurHwuvrw19TEbtaJp85Anmb4bVHhbUEPsem09zavFBe
chili sauce,Seasonings,http://t1.gstatic.com/images?q=tbn:ANd9GcSRB4_MYp3muuMcDB90qJg4uxsYcJ-q9zByJ9cdvgcxanV7ligrwIkhMQ
alfredo sauce,Sauces,http://t1.gstatic.com/images?q=tbn:ANd9GcRwshl3SYsXmYod0lv5uGqKmYTgr0DfEIi9sUgVcdYFjPyWk0M4I5D0xq8
lentil,Legumes,http://t1.gstatic.com/images?q=tbn:ANd9GcSfqv9vicN_2SY8RTvM7vb0YFhf3y1I6HmPDX7e8Pf1VmGe3kGCXCwNA14
rum,Alcohol,http://t1.gstatic.com/images?q=tbn:ANd9GcQOPJLaB-KtSZB18qt_QfoORf-9QVpKI2tRA0mP2-722xeewfQKAYigONut
vegetable stock,Soup,http://t1.gstatic.com/images?q=tbn:ANd9GcRSv-ahwmjhEgeVPCWLsVVi56-rRxdBsmhWq1qX_o_QjUSdS4rpHym7tLJQ
peanut,Nuts,http://t1.gstatic.com/images?q=tbn:ANd9GcSbZ6JLX8JE86cRzNhMqrUu2q7SmmDbnw-rPOydCUeQGvjc4NJCiwtWvQ
rice milk,Dairy Alternatives,http://t1.gstatic.com/images?q=tbn:ANd9GcQjBLPua16PZb4dGKnRwwHJ0EqogPeN5H8KrPmVDL0XCeauENT_A3nmqE4
marshmallow,Desserts&Snacks,http://t1.gstatic.com/images?q=tbn:ANd9GcRIOcgsE9flPg0XjLgFi9RfbbseJOHeF7u0pFWNGSys1zPlnS7WFnVtkzIz
apple juice,Beverages,http://t1.gstatic.com/images?q=tbn:ANd9GcT2E-agPj44IKHu26Ll7hT4tJvmc_OBTr7b1P0D-irNWed2HqUQAnO7LdY
american cheese,Dairy,http://t1.gstatic.com/images?q=tbn:ANd9GcRLMZGI-zS4-0fz0272UT7KZoSm7dM-pMcsDaUtMS-xMzDLxKZmDrmagI20aw
bell pepper,Vegetables,http://t1.gstatic.com/images?q=tbn:ANd9GcSIHNaBJ2jYiiNOM5D6lIW2T5ZXCEPOcFYkQ5m1oDLiiYM_1vJ2A4gVe18
orange,Fruits,http://t1.gstatic.com/images?q=tbn:ANd9GcQT2i66pWLjbg3rt8hpM4F3o-W38bOTxvex_TpOsonDfzkSwXciQ9eWYXXZ
baking soda,Baking & Grains,http://t1.gstatic.com/images?q=tbn:ANd9GcTQJQOpmdMJv5zmmcZAP_fOsHYHxpGwT54qQofbkesC4dEB-MH6cL7N8CCBMg
corn syrup,Added Sweetners,http://t1.gstatic.com/images?q=tbn:ANd9GcQu3_ws0A9JfTPNbfU8KMSeF_QcXIwu-bLIHfqs0XOUlCij9cjJTT0F1hSQ
chili powder,Spices,http://t1.gstatic.com/images?q=tbn:ANd9GcQwVL6U33t_o4UISGxEakcUQ4WKZ12yWr8ai1Nb_0lk31IxF9A6Nw3ilIKz
ham,Meats,http://t1.gstatic.com/images?q=tbn:ANd9GcT5mK7vtlz0SgtA70anRraQP_YKehoii8fKebLe7nVJR_yxvPbr0wrhC8P14Q
canned salmon,Fish,http://t1.gstatic.com/images?q=tbn:ANd9GcTMnxNQ_2fHlw4Ynb1fEyN_gfPJIYznzsylUoqZvlKg5A37iC_OwNvIr0Pc
lobster,Seafood,http://t1.gstatic.com/images?q=tbn:ANd9GcTR0d-5uuiueaZml4n0wc7cY0a12zi1o6d2tw1JMI9-bbLcm2SjjTfonO4a
balsamic vinegar,condiments,http://t1.gstatic.com/images?q=tbn:ANd9GcQprSZgm0XVxbvjusNFGJTy841QqniwEb2LkBoByle8zyWqiSTQwc02rZ8F
sesame oil,Oils,http://t1.gstatic.com/images?q=tbn:ANd9GcTNqYi2cIINx-O1jXS2ATfTFwKGqQaYNu08ImXpc1p7z9n1NieyOcNqVnGh
soya sauce,Seasonings,http://t1.gstatic.com/images?q=tbn:ANd9GcQRxTND-rKDYW3M0Nu0ZaKvBtgS_GehDBa2dVIw3rmOm7pxxUKroh2_6jwqgQ
beef gravy,Sauces,http://t1.gstatic.com/images?q=tbn:ANd9GcRmjzHeqS3Ig7vhbBREGmx2rwfglIdW2Gw8GG4RXFRIy3Zb8lvEkUTtWGI
refried beans,Legumes,http://t1.gstatic.com/images?q=tbn:ANd9GcTAAp7c_U44zCCvam7U4G4Zmr5GhyCzg5agRGVcfask74oQ6H30vMoZKVn_
whiskey,Alcohol,http://t1.gstatic.com/images?q=tbn:ANd9GcQi_Y1HpidrtEh6nYh9Dap0jmr6mWSt9sm1-hAqyjAx0cRdpzUe3ek_B2qa
chicken soup,Soup,http://t1.gstatic.com/images?q=tbn:ANd9GcR3Qi0ynL8hgyC0CeBL1q_89BWE-aF-wniq86L7O5lJeinupOmBgDapbbs
cashew,Nuts,http://t1.gstatic.com/images?q=tbn:ANd9GcRXbBinz6ZLdGSeBkdfuflADqvcOiSxSlR1x1krE9-0ieA97sfjezJ0tlw
hemp milk,Dairy Alternatives,http://t1.gstatic.com/images?q=tbn:ANd9GcR1l-LFxum1Fd5sw7pKi4JoCGtr8JVLLPl-zwtnrF6P_41SKC9rmyKNzn4
chocolate syrup,Desserts&Snacks,http://t1.gstatic.com/images?q=tbn:ANd9GcQdvcGx7xiA3hYbHdbck7ueUlpwH3lGTpyCnKMCgn1hz2l1OwKtb65K6xHckQ
tomato juice,Beverages,http://t1.gstatic.com/images?q=tbn:ANd9GcQsjfolPFEQcCEZNf_6tF9dNEVxKs2iLHTFaP_vcpnq6fA70cGbCtTSklcy
sour cream,Dairy,http://t1.gstatic.com/images?q=tbn:ANd9GcSQEu1g5mw_N-gIKZnmq4jToe5qcXC7VwfJ8BfKXDlWCAE62y2Fns3Kz1bP
basil,Vegetables,http://t1.gstatic.com/images?q=tbn:ANd9GcRBw_g8FW0z9h3bx1MzqJbgpFBnSXNkAetvE31pyUWtOw01ui3pw6FkcA3Y
pineapple,Fruits,http://t1.gstatic.com/images?q=tbn:ANd9GcRhQZBKNlvIWGKUBAU1F6XUwsZjufziGGJYit2BUcMaUTgH3iO0-rIUijQ
bread crumbs,Baking & Grains,http://t1.gstatic.com/images?q=tbn:ANd9GcQE3ElqDoZ9yygE6hqeb5fcBrGYHfQUkNHkbM8Fu7bGSEn1UnvEk-i20T-W
molasses,Added Sweetners,http://t1.gstatic.com/images?q=tbn:ANd9GcSt-RzLA24extWdRp0NN01p1bd7MwVKCr1MeY8CsvU52hBxQNqWx53XfzW7
red pepper flake,Spices,http://t1.gstatic.com/images?q=tbn:ANd9GcT4dI-PfkPj23u3TMiUNI5GjblZY7D727W7TCrtY9a7p40XjfAmxMzJBPo
hot dog,Meats,http://t1.gstatic.com/images?q=tbn:ANd9GcQlkpYhKVQLltObanOFSxnX-UYSdMFjB9isVtuIHb7pSehquRku7-oZ32w
anchovy,Fish,http://t1.gstatic.com/images?q=tbn:ANd9GcQW9vqPa_NRqgnkNftlLYAWWvZuDGwuMXpOZaPKbgsLc_b_Cz3dSK2crqw9
mussel,Seafood,http://t1.gstatic.com/images?q=tbn:ANd9GcSoZjT0yc0GrcEF6amMB5ZQGyuN6sFFGZzQ5oJUJohFoYESo2vjezNy19w
worcestershire,condiments,http://t1.gstatic.com/images?q=tbn:ANd9GcQF7iIE3MJ0bApcXN5x39GZ0NfL7u7IBBA_eheccZ2vCwYSa3Y87tgIzJo
coconut oil,Oils,http://t1.gstatic.com/images?q=tbn:ANd9GcSEn_ZTQfF_gQQKk2Awen3CESkRVJTVzzX2KE93aUNYxMeByDdF-j_2x9A
apple cider,Seasonings,http://t1.gstatic.com/images?q=tbn:ANd9GcRVPqjEDfmvxXPD_uMhtQUHiBqQws31ysUPw6a67k7cEAjm_MlLnJ4c2rNhOQ
curry paste,Sauces,http://t1.gstatic.com/images?q=tbn:ANd9GcSBkNa2vCCTmZOpB2P2MohWWmWQ3GNDe-uV1r4wXcqygjKICprgGcZ8yA
hummus,Legumes,http://t1.gstatic.com/images?q=tbn:ANd9GcRDJAkTRIWuWHhuCUj5pSl0EeWlZMoreI1huFZ9AWrXpTiAtjkke2kQR-I
tequila,Alcohol,http://t1.gstatic.com/images?q=tbn:ANd9GcStvHm2HvlUyQ8KNyyQe5x-8HYQQc4L6nkHlgWQiy12A5irj2KEByYOFY_0Tw
onion soup,Soup,http://t1.gstatic.com/images?q=tbn:ANd9GcShcwrX_yYiexDxYuiPUNeHkMsOhwhdNSh1pB_2LKswUB3XWjEwaOBDCFo
flax,Nuts,http://t1.gstatic.com/images?q=tbn:ANd9GcR-fkB9JKoCRghGoFKxwCBs6BqhS2CONvHYe_71Q4LwobdrneD1_8UYeRk9vQ
non dairy creamer,Dairy Alternatives,http://t1.gstatic.com/images?q=tbn:ANd9GcQBr3YHqTmz3h575eob3RyjLOZhC6AdVDAFGt7IfSpuitubtMDHGSigPufI
potato chips,Desserts&Snacks,http://t1.gstatic.com/images?q=tbn:ANd9GcSkAMt9iNg9z-IfzvCGRTQpS0tI1GEUxuMStl_RkfjTK_FyMjOPIkeQwzwY
coke,Beverages,http://t1.gstatic.com/images?q=tbn:ANd9GcS9FCfyltdpB_FChjJ_uiftohC4fL5uU6fQ9ROzmBMCVp2gVbbC-CS0zZMI2A
cream cheese,Dairy,http://t1.gstatic.com/images?q=tbn:ANd9GcSCukdOd4lH9dqRZw9_2EqzodStRSqa-dO8j7H9DCB1o-zx3OBmWzsGACv1
parsley,Vegetables,http://t1.gstatic.com/images?q=tbn:ANd9GcQlFUD0j6d54MZ71V7fNWW0IwLArtnJFkepAR0TuxfOGe2Lcml6rfVuVxzl
blueberry,Fruits,http://t1.gstatic.com/images?q=tbn:ANd9GcRoRfiKLO9poHxMi9zMmaSoFXX2VmHrTfeXFQhpJOyNY26r37BbZsrIu09H
cornstarch,Baking & Grains,http://t1.gstatic.com/images?q=tbn:ANd9GcRHyHGCVDYg8Ff73JJgcW3eyZrliBeHKCdVHqBKqfa0gIcd28qypvv6s_Q
artificial sweetener,Added Sweetners,http://t1.gstatic.com/images?q=tbn:ANd9GcQLbqAIEzARbt3fGJdy2UJsXcuQEbVTFL_d_4UP1ADxVLVmIioKLG5xb2hM
cumin,Spices,http://t1.gstatic.com/images?q=tbn:ANd9GcRJOevs0FM4jNuRVW2PhvQVp4_tLmnKeomt4zI1_CDqr_zczUlGid8wmh0
pork chops,Meats,http://t1.gstatic.com/images?q=tbn:ANd9GcQz2LWglETTmObCMUOPM-V0OR60zQtqbwrrGbiXMjBgJwmx7v2ZMo6TqxI
smoked salmon,Fish,http://t1.gstatic.com/images?q=tbn:ANd9GcTx7aybPfKLu4ZOwkGUo59hUmfTLnr9EAGK_tEiwh_NDDqZhYXbiBtnwcA
oyster,Seafood,http://t1.gstatic.com/images?q=tbn:ANd9GcSs-rSjBK72bzXcR-5tGqBt54cMfTTr_TomcmmLpSmRcQPRQMyuXdN_6uCcJw
hot sauce,condiments,http://t1.gstatic.com/images?q=tbn:ANd9GcTfo1Da17J7IeUFOHetLp-cpPaYkQQ4wpgCEvj42tmrguWWcdWWHpTLU9vW_A
peanut oil,Oils,http://t1.gstatic.com/images?q=tbn:ANd9GcRnPoFkN18r4sLVUgbKbp_1oGOnVSImPARIvwRsuewq-dYrp6aEocWZqaU
hoisin sauce,Seasonings,http://t1.gstatic.com/images?q=tbn:ANd9GcRhDDUOyRAjew736uIhfI8HLB-MVV16ToXk6XR79VIgtKBZLs6x9BFtZ0g
chicken gravy,Sauces,http://t1.gstatic.com/images?q=tbn:ANd9GcQyROk4JtgW-yxP9_fl8Nn-GciTiIh-UJlmDHaZ2NBvnbNVH1Nsves973Q
chili beans,Legumes,http://t1.gstatic.com/images?q=tbn:ANd9GcSSLG9xXPbsfHB2J_z32VKWfG7_cIkda5JYHgXf_8QwIeEwkGVhuz-N4OWJ
sherry,Alcohol,http://t1.gstatic.com/images?q=tbn:ANd9GcQD3xnIbNoN16kNruJFVk9vJJ5IK8PpeJdiDlJyHbWhe4-8HisMvz6Hq24
vegetable soup,Soup,http://t1.gstatic.com/images?q=tbn:ANd9GcSrXdNE7brn9jYoXbLT1WGlKGUSHs5Eb9BSc8-vum1xooGlHCemyUTtkC1K
pine nut,Nuts,http://t1.gstatic.com/images?q=tbn:ANd9GcRRccjUEKurMpBFgV-fxFMxLZFRF2Tho-mJySgUycaewPlKdryB8FVrhao
nutella,Desserts&Snacks,http://t1.gstatic.com/images?q=tbn:ANd9GcTMW8Xzn_rfIMwkRkn-GzYyP-hvVs94I8O4zhMl1WTZHf13kypqJ4EIwc8
chocolate milk,Beverages,http://t1.gstatic.com/images?q=tbn:ANd9GcRD6-0CrL3ZGb24aH7x7nO_JUd2zJsbglHO8hSLJ_pylAl1Q10WCGNr3vOXCw
mozzarella,Dairy,http://t1.gstatic.com/images?q=tbn:ANd9GcSeSCToxUw4UFPvhroYwvQC8gWi4iIVM9Bt2WFtUqhtqHNCQlsesNYzYtI
broccoli,Vegetables,http://t1.gstatic.com/images?q=tbn:ANd9GcTZ971riyNEtraZzRss60utTNYy0_ZVhz4MBE5r2C0IkcwvoCqXDwvZFd8
raisin,Fruits,https://www.thespruceeats.com/thmb/Enit30ZJDemLtbYq-Xv9woMv1X8=/3000x1687/smart/filters:no_upscale()/Raisins-GettyImages-182516607-1500-56a0bc645f9b58eba4b3553a.jpg
rolled oats,Baking & Grains,http://t1.gstatic.com/images?q=tbn:ANd9GcRoOOCb9mhvUWpbn_HKktPxv_gmUwvvR68FR1nKyQOlu5hGjTFoe12q68xAKA
agave nectar,Added Sweetners,http://t1.gstatic.com/images?q=tbn:ANd9GcR3C9I0CpeCsIpx86_PxunsI9o4A6qXF4aTukMvePEhSEOdFOYJaZI6mg
cayenne,Spices,https://cdn11.bigcommerce.com/s-ih8o56kgor/images/stencil/1280x1280/products/3037/4594/long-red-cayenne-pepper-seeds-capsicum-annuum-213__73174.1528316105.jpg?c=2&imbypass=on
chicken thighs,Meats,http://t1.gstatic.com/images?q=tbn:ANd9GcQgDVJVGERvaC98cVa4pJnPIfmBI4urUeQ02V4IxQUuQwq5kz9UC13lye8U
sardines,Fish,http://t1.gstatic.com/images?q=tbn:ANd9GcQkLOYvcTWfWacNFprKIcLCGxci90Kqxms6WmCx0gubpnlXOnS3TxJRmDft
squid,Seafood,http://t1.gstatic.com/images?q=tbn:ANd9GcRTT7CY6BsHTvSVVNMfSDA2lJkkOTipBfZ9nE6E9OpOkOOxZlx9eQFiqr8
barbecue sauce,condiments,http://t1.gstatic.com/images?q=tbn:ANd9GcT5LxjOnL60xr7iwulZdmiGJcXi6cmOWdxoViyOav3iM4N66dRh9WeOHH2B
sunflower oil,Oils,http://t1.gstatic.com/images?q=tbn:ANd9GcTZpbtzxXPxF2-cRrMGfd4nQ6_Q64z8976UsGiGsjmKUCZn7dBmy7Z0_Vn_
liquid smoke,Seasonings,http://t1.gstatic.com/images?q=tbn:ANd9GcT-euIMTIjWfaw9a7Qzbn3MdJz83xPyDx3U1hWDRzN2dyLIUAp243BsA1oRyQ
cranberry sauce,Sauces,http://t1.gstatic.com/images?q=tbn:ANd9GcSL6g54vEOo9ezdXQfMVxG-PlPFPh2-wMNsn7t5SkBxSjmCmyJs-1tU14X1
lima beans,Legumes,http://t1.gstatic.com/images?q=tbn:ANd9GcQz4YjPgjin-5OJSkTcwlMje4wC-_R7tERE6JMTAfnOeoUDaVpBiyrqIoI
bourbon,Alcohol,http://t1.gstatic.com/images?q=tbn:ANd9GcRNkKoPuv_IUl-K9uaAocNyLhL6-VQaHi2VA0q24i93iIcirAyOaqX8uA
celery soup,Soup,http://t1.gstatic.com/images?q=tbn:ANd9GcQGJ0ldBzb_81BNmqgQG8_poa9pQz4N68hgA85WYR501yA73W3bsMVzf5E
pistachio,Nuts,http://t1.gstatic.com/images?q=tbn:ANd9GcQfPV4ROhe5LBY44JSZN2JIRjtED1oPA90qBWU8aIuOxF7s3AXLXpXJzkaU1w
chocolate morsels,Desserts&Snacks,http://t1.gstatic.com/images?q=tbn:ANd9GcRVfR0AwH3yGSXRZQnxWvQdz4YsYKZyICvUEyFhZ0T0xnxlIgwuFfxt-SpwJA
pineapple juice,Beverages,http://t1.gstatic.com/images?q=tbn:ANd9GcRuzrD81Wg4Yih4o_ALjGhNflFBjwA_0Vo5gsjkNAN1PiOMzwCQP5HIY1g
yogurt,Dairy,http://t1.gstatic.com/images?q=tbn:ANd9GcQqniXwh1xMXCW-eLgx-SwPVSW1hKCtJp6CNsga3WBpxlFdX8ZewTeKRxU
corn,Vegetables,http://t1.gstatic.com/images?q=tbn:ANd9GcSrf-yuzX4FPVw6i0s3tIK28X8ss5wdsKHBKjx1kAvD1fuj6CfhenTQM8o
coconut,Fruits,http://t1.gstatic.com/images?q=tbn:ANd9GcTTQGtODof0E2kY9POQast94swQq4MmEvvDhtSfeNCmYMyfQHvcRnVQeKzg
noodle,Baking & Grains,http://t1.gstatic.com/images?q=tbn:ANd9GcS2uOdD-19LJ3mYKEHbJcORPANE38zIfmZhoxqbUtBx8zA0DC4p2sfjM8o
italian seasoning,Spices,http://t1.gstatic.com/images?q=tbn:ANd9GcS35rmr1-AGFyWiHRAdmDZimQpkaVODoYBhrlzo3f9ESNTv0h9nUoop6V3dsA
ground turkey,Meats,http://t1.gstatic.com/images?q=tbn:ANd9GcRRspY4KBnkiOJAwXpq1NhoNOBZdQPUbXDE05nR7avgmcX4gUyoQVd8_Ojg
tuna steak,Fish,http://t1.gstatic.com/images?q=tbn:ANd9GcQ8CvzsR1Rmn6SfOG3yabFvet_Vw6CK1fN3IPVo6zXlqnhs31AOXkowLDU
calamari,Seafood,http://t1.gstatic.com/images?q=tbn:ANd9GcQXjGpxb2DhLtZCkAQd0j8AtHhWjYjRdyimYYBobXBJAVvBGRcnsgVQ5ksL
ranch dressing,condiments,http://t1.gstatic.com/images?q=tbn:ANd9GcT-vBme38I9uLmG8K1EYWZyArmeyw7TiDVCJCYzq8QIGt2OYFTNQkHKLMAj
lard,Oils,http://t1.gstatic.com/images?q=tbn:ANd9GcRjQivQsPNsKlTfe-HslZGZB1tBq5Gv0-2mTFz_S8qqxwSOCJ0KZ0bvXlo
rice wine,Seasonings,http://t1.gstatic.com/images?q=tbn:ANd9GcQN5U_y9ENmPsBhkDswSOk1_i3yHG9tRONjQ7L8njXmZI06o8VA_RkrbldQng
turkey gravy,Sauces,http://t1.gstatic.com/images?q=tbn:ANd9GcQ78sqatrx4exLhMGerz16DZudZhWLV4yuy69aFkwPzAG5b3Dm_UxLagZs
kidney beans,Legumes,http://t1.gstatic.com/images?q=tbn:ANd9GcQYpFI21jf-QvBQKeRlsZlpTK_w0-CpE7QfJvee5MAbg6p1ZFZaDqEyB8Q
cooking wine,Alcohol,http://t1.gstatic.com/images?q=tbn:ANd9GcRX3HhOqQH48fYzuwQAJ4T6Uk1yk_ePb8Jy5S4I54VYbRFBBH32JqQozfA
dashi,Soup,http://t1.gstatic.com/images?q=tbn:ANd9GcRRYLHDiXLEe1O-HOk6h6nn4CxjQuclmCr10FVKPIo3YxTGAWuV1xFKjUa8
almond meal,Nuts,http://t1.gstatic.com/images?q=tbn:ANd9GcTRJnLL6pFvr1a9fQy2n4eYI165TsWGt1Hq6LZXHVqhFrVKQfK9-zP8IoZb
bittersweet chocolate,Desserts&Snacks,http://t1.gstatic.com/images?q=tbn:ANd9GcRaKDPQY-PFxmkqH2U3eVgCYLrc50iQeDRuy6CYlNcjWaC35wVLcYbLHQ
lemonade,Beverages,http://t1.gstatic.com/images?q=tbn:ANd9GcSl1h836ICtX_TMHEDl626kS8rbm4NEnRRoJdtiiplUI73-1oKJyWMRruS2
cream,Dairy,http://t1.gstatic.com/images?q=tbn:ANd9GcSaJ6nWgeHT2UdtvR7icUOEdgc4ZLlIJYUgnBeOVSDJREPcC--S9lWJvRWf
spinach,Vegetables,http://t1.gstatic.com/images?q=tbn:ANd9GcSFR-jfEkXpBtiaB-d4vf6LXlgg5FAF7xI_Q-cSQ0EXEfJ5-C1TRmpxZjAI
grape,Fruits,http://t1.gstatic.com/images?q=tbn:ANd9GcTKMdI_hP8ljHotQDoDhbCyaKPm6PIlh4nsnAYJmxd0uxpbDQ2uKuARZjdS
flour tortillas,Baking & Grains,http://t1.gstatic.com/images?q=tbn:ANd9GcROHGwE_tglfN8nVTkygLyyF57de2NYOdJvYjHEAQk0bpKpYz01ESA-mFW6Gw
thyme,Spices,http://t1.gstatic.com/images?q=tbn:ANd9GcSBl772nwYSG4D9V-XcluVTzVwgBM-ldBkCPzWKJhRIMYt8c5FU9xmsliPK
cooked chicken,Meats,http://t1.gstatic.com/images?q=tbn:ANd9GcQKcO9b6YHap3z_eLbSrTYonEKNUakkSvfOu5ivjCAsDSjdIPK1QN_SwMI
whitefish,Fish,http://t1.gstatic.com/images?q=tbn:ANd9GcTYpxVDHV2foUbjBb7eCxtvUDctiD-OcCbgvMbbiwm7J2GctcHY-XI38Uk
crawfish,Seafood,http://t1.gstatic.com/images?q=tbn:ANd9GcRy44dFk8S3SJTlGjPCz5JXfrqYKaktLGbKc76PgpO2bsrbSOiiBarKMw6r
wine vinegar,condiments,http://t1.gstatic.com/images?q=tbn:ANd9GcSm6EUDnh-QCB-BKq4cPZ4zWulgDri0ueE8rRxYJh_z_5X5WyRCfTyO_KjCIA
grape seed oil,Oils,http://t1.gstatic.com/images?q=tbn:ANd9GcQK9E7oAaMDckXAAI1wVX0HD3isxe-itZ4p-N0VYyUF_ziJENjsqDHzWHaP
vegetable bouillon,Seasonings,http://t1.gstatic.com/images?q=tbn:ANd9GcRG4JqPnGhlCML8RAhIRjaJJoAcjFfkqCAjIHqublcGvG5jtdpuUm6jZlCl
mushroom gravy,Sauces,http://t1.gstatic.com/images?q=tbn:ANd9GcRe-TAC68WYfTO5UiPxSRgzyS3lZc7DwDQoLvOmpJ36J458dZh31ThKzCE
pinto beans,Legumes,http://t1.gstatic.com/images?q=tbn:ANd9GcTFXWqA8fjMhFxGKzgl0QA15iaX8D5TEUKjAzz-gdZnGZpTfiYjbsVhX4E
whisky,Alcohol,http://t1.gstatic.com/images?q=tbn:ANd9GcSdz_z6B7iQ6j2PhuezCGp8lOcwxKsPpG3NjOlvHDyRkq9d48H9CPoLAAo
lamb stock,Soup,http://t1.gstatic.com/images?q=tbn:ANd9GcSxdita_sV6hPpkBQ53yq6KyyFeBGyqzxVnylTmazOXKZtsG4xClWITZ-A
hazelnut,Nuts,http://t1.gstatic.com/images?q=tbn:ANd9GcTkaEMMbAB0jl1eHoYfD9YSM51YpWaYF2rmqxVVBfNd1eYujA2wd7NlCig1SQ
pudding mix,Desserts&Snacks,http://t1.gstatic.com/images?q=tbn:ANd9GcRYGZ8AlhBtxypOWyjZj6UBTE9JfsB3WTbwRT6-bDq5K8q4uwAvl58xGh0r
cranberry juice,Beverages,http://t1.gstatic.com/images?q=tbn:ANd9GcRYdzoIF9xnGKmKaE-xUUDOw6Qd5qmhGQRsn1TffJAhE6oOkQquFTVH9o0
evaporated milk,Dairy,http://t1.gstatic.com/images?q=tbn:ANd9GcSbRuUTXYnaUS-wYO4gSU3wQzqcVyXNKPHLR_0zG_gdk9o5FlHWTzoT_rP7
mushroom,Vegetables,http://t1.gstatic.com/images?q=tbn:ANd9GcQVxirhZBQ9WCniFV59Y-2Rhywl3MPcYO77ERTj6dBt6JN94EGDwSmEfFg
peach,Fruits,http://t1.gstatic.com/images?q=tbn:ANd9GcSOqmSsb33vBT8plPLQbuw4ZjrpJ3mDhWbc_hzRv9eG1Te6kId3XAxdPW3t
pancake mix,Baking & Grains,http://t1.gstatic.com/images?q=tbn:ANd9GcRK8gBxSra_oWADNaP2Ee-yk_lAFFP0qakw-L9R2vU4UAj28m_-iDCRqsaX
onion powder,Spices,http://t1.gstatic.com/images?q=tbn:ANd9GcRuQb6N0t6_Cx8tLL46wabH509MbTzTsdO6xJoNgumfPaf5LUEalSAvrlm4Dw
turkey,Meats,http://t1.gstatic.com/images?q=tbn:ANd9GcSsFC0CGgEin-QH_rmxvMPyMACIXT73rKv6947zutCvxi4k8ExKUfpI5kPs
halibut,Fish,http://t1.gstatic.com/images?q=tbn:ANd9GcS08B7uPWE0oB2x0nDdXiWsUBVz_P3tMNzIbHgqemyrSRqU0BKuOjo4kLPN
octopus,Seafood,http://t1.gstatic.com/images?q=tbn:ANd9GcQy3VxDTOJ0mHSeyaUORR4HvbKXAHcJBoCLsvan8E2wu8MVVdLQgZZmzWc
apple cider vinegar,condiments,http://t1.gstatic.com/images?q=tbn:ANd9GcTRp3XIUnYrGgs2a7CbaCkG9S897U_Stf2C_rfEuFxtsvAayFa4VwMSduc
corn oil,Oils,http://t1.gstatic.com/images?q=tbn:ANd9GcTZ9Du6dbQVJkSCQM_xNrxrihcEtoHpSQQoOTfriTymbeIKt2mEar_uvzxb
poppy seed,Seasonings,http://t1.gstatic.com/images?q=tbn:ANd9GcR4D092l3UfTh8xM0F9kqxrYDsQMNUEyHhxgDvOIqNkCA62CrukOyzrC7Y
sausage gravy,Sauces,http://t1.gstatic.com/images?q=tbn:ANd9GcQZPB3mb3xjxxTFar7CczsYAgHHBbq2-HPuo9rblplg0oZIpo6rLgcv2J0Z
edamame,Legumes,http://t1.gstatic.com/images?q=tbn:ANd9GcRN9y31p6cLGKELhVbmPN6vOlyzIthI5hJczox9wQ9rRcC15CiOlfx7Rw4
liqueur,Alcohol,http://t1.gstatic.com/images?q=tbn:ANd9GcTuE6MsZqHZtf9kkN31w-PH3jNRi5k0UvWHopF3A_Ip-g9-ra3pp1QTtTA
pork stock,Soup,http://t1.gstatic.com/images?q=tbn:ANd9GcT29q8gAZ8tR4_OTCCW9dMgNmEHsZiDHDknl5zz1chJOcCiwx6kxmk7gXXchA
macadamia,Nuts,http://t1.gstatic.com/images?q=tbn:ANd9GcReNXf9tDDl8kD21hW14odgU-MdmrBQLOkLmvcJOPzrsEt46Fbd81PluwF7
raspberry jam,Desserts&Snacks,http://t1.gstatic.com/images?q=tbn:ANd9GcTo9pH0Zqml8pKHPmQ56e8SPK__6ty6WfVbddaea53B4lR-MPQMIgA8BBw
espresso,Beverages,http://t1.gstatic.com/images?q=tbn:ANd9GcSKXz_e89Oe0qFqxgr2ns7hcWgJh17PPgnPxI0OgNGw85xRtAU_V4nLD0M
whipped cream,Dairy,http://t1.gstatic.com/images?q=tbn:ANd9GcRkdOc5mPKIbR5Xz_swqhs8Z7Osc4lBdNp3m4axQhX2Bgiv6pIbS_LGgEyRaQ
green beans,Vegetables,http://t1.gstatic.com/images?q=tbn:ANd9GcTY7a3Kc87qVT2qG39tSz3i5Tz2vGI2ssttAKMsspp4DKP5extL4DQy5YXr
raspberry,Fruits,http://t1.gstatic.com/images?q=tbn:ANd9GcSMyZ1TBi8964moWRi_1zxXDgScBjpNKtG7P2CdBNuqJL3EeAJyyk2TbaVm
yeast,Baking & Grains,http://t1.gstatic.com/images?q=tbn:ANd9GcSjWAnNrkJ5YXdfvKQreOVYmWR3YGeTyeeqbm0Qh4YQCnsdNDKRBnVOXdst
nutmeg,Spices,http://t1.gstatic.com/images?q=tbn:ANd9GcSeBBR-SYGCmse6XolsgPHL_yfUFYG20VZhR-yUgc8NNIGePTA6lpIGs0TpMw
pork,Meats,http://t1.gstatic.com/images?q=tbn:ANd9GcSnbrQyT-ayhIt9IkPYuBkEHaC0IXnH-HEjMlvIuYYTEWxAxFEzk6iH1s2e
trout,Fish,http://t1.gstatic.com/images?q=tbn:ANd9GcRWkFUv0Q2iifuOH0284A0WaVP82Gn0FCS2zOgRkH9d2F4tEFjqPb335Qc
cockle,Seafood,http://t1.gstatic.com/images?q=tbn:ANd9GcSpMLpUCRhlk_9GxAXHm4zIiXrr7gC0af5_w3bum99Q9tPGbm-Qd-Ib5XJd
cider vinegar,condiments,http://t1.gstatic.com/images?q=tbn:ANd9GcRVPqjEDfmvxXPD_uMhtQUHiBqQws31ysUPw6a67k7cEAjm_MlLnJ4c2rNhOQ
almond oil,Oils,http://t1.gstatic.com/images?q=tbn:ANd9GcT9sbeS7Ym5LcTCWMsar17Fswh6ar0C7ezpPUzKnJzIem_lWYoTO0ZZ5lPu
balsamic glaze,Seasonings,http://t1.gstatic.com/images?q=tbn:ANd9GcQlx0LGioi2UCA-LNDGFJqnBWAa8vmKfoaDQF8k-JDqJavxTsXlra6AkaDc
onion gravy,Sauces,http://t1.gstatic.com/images?q=tbn:ANd9GcRN2TRy83xKjbM--U8yXIiPw0pmER4xwwK4H_iqLNghtoPgdGVM-gcnHpNA
split peas,Legumes,http://t1.gstatic.com/images?q=tbn:ANd9GcSI33H1KsaGM-OLtVVz0bTNN3d3BscJYiZ80M_YaGQZYzeC7eTlQ2xp7uA
brandy,Alcohol,http://t1.gstatic.com/images?q=tbn:ANd9GcQt0QuOf6zdfH8pK3fOg276ZZTwly6xyQoR-IF7b6IGRX8CfE1X5z3YI65w
veal stock,Soup,http://t1.gstatic.com/images?q=tbn:ANd9GcScKltXXz8N5rr-4TJKV0yZX32mphoL-JCW4qGSw0gIZDfKkymqVcBXwcNF
almond paste,Nuts,http://t1.gstatic.com/images?q=tbn:ANd9GcSAjQ7Kq-RYcg7sWWW6dWvmsriCxWokLrISh2ZMIvqwZmBtkPsQpvcbtgT2iQ
dark chocolate,Desserts&Snacks,http://t1.gstatic.com/images?q=tbn:ANd9GcQCWGT51azV6tjQrDSF4vqq1c_0AkpWWEF6axhHXoQUSEPO9_yV01k8CDzv
fruit juice,Beverages,http://t1.gstatic.com/images?q=tbn:ANd9GcR7OI2awGbxTun52ayT7lMNHxhCBUcdTVWkehqD1zz151IKA2r6oUJZHi_E
half and half,Dairy,http://t1.gstatic.com/images?q=tbn:ANd9GcRiKVxiiQIYBqjbWqSCoW-XlntoOJNbnCGz2dqHPGUasQJSweQR9EWAtEg
ginger,Vegetables,http://t1.gstatic.com/images?q=tbn:ANd9GcSoXogST0V-j1pwa3BDCAUfwLLBR3BgbHxSH_qz2ANhA91prd0DGIozuM4
cranberry,Fruits,http://t1.gstatic.com/images?q=tbn:ANd9GcS7g6vQ8NKKMw4kkwA4pOLTsTJwbX90G3isMvmJmHgXKmxg7AhJDAzjRJIZ
cracker,Baking & Grains,http://t1.gstatic.com/images?q=tbn:ANd9GcSlaQBMveq9EusERIJtsgY7V88Em9YE-mT1bER2Xd-lvyuTOUo2mWnhYmlP
ground nutmeg,Spices,http://t1.gstatic.com/images?q=tbn:ANd9GcRugXBCmgrcMC-_8CMm2ab8P96hnE-0zoKe3Wmnlfdd1ELBZjUQWmHHdl2-TA
pepperoni,Meats,http://t1.gstatic.com/images?q=tbn:ANd9GcQaC2X0e-fi8q5Lub9PhzcZflOo31rt1b2o5cytK2D4bZzGOgIJUvlqWg
haddock,Fish,http://t1.gstatic.com/images?q=tbn:ANd9GcSZ6aTzVJtGV9eVKpqYPwUruNbQNB659IYnbNSQ_q9mSMCuC_3MKz8qj9jH
conch,Seafood,http://t1.gstatic.com/images?q=tbn:ANd9GcTh-4YwrumdareYk9VA0pIpDaVhYhqiCSPDZ6Dk05dT-9aMVKyn1C2MxZIj
italian dressing,condiments,http://t1.gstatic.com/images?q=tbn:ANd9GcR8koSHkaIrW7wTGtNtjZPfSFOLB9KS0XXAE-wtuj5PgP368vKZjYjeTmQ
avocado oil,Oils,http://t1.gstatic.com/images?q=tbn:ANd9GcRuhKwzETe7yd1M5COmxrqO6KAPYdlgfBg-J_pfmr_1t_aQ_-1QVoC2xsCG
miso,Seasonings,http://t1.gstatic.com/images?q=tbn:ANd9GcQaXAUSxLEWrp2iUm3yusphUq_HjQHnfiDsLSc3K1u4RI3M-2C5Q7tNlzbW
cream gravy,Sauces,http://t1.gstatic.com/images?q=tbn:ANd9GcQGmmwxGCT98yMyj0MLk9MOViPRNted3EnkgoOJIdq5ehrrUgEpE-HR5S-N
snap peas,Legumes,http://t1.gstatic.com/images?q=tbn:ANd9GcSQ-QiZg6FNVyAWZcUAawZDjsiXxKRzxhgAulp-Z18jrqa4voZ6uDaAH0zZ
gin,Alcohol,http://t1.gstatic.com/images?q=tbn:ANd9GcTA3mlqxDEE32PPdBz4QNufccQqY3P_nCJfZ2ZLs-ICP5uitRBuE73HvTsZ
chestnut,Nuts,http://t1.gstatic.com/images?q=tbn:ANd9GcSSFKvVgSNxM4P0X4B10Y11xy_n5eQSOnkik0gIPlxhwCgx7NDVDQGa-BM
chocolate chips,Desserts&Snacks,http://t1.gstatic.com/images?q=tbn:ANd9GcRRxic5bOf0hNJhWUJS_-YTX5-U3R4-9lGe-V0aAXvHYQwSmBBlWB8OAyA
ginger ale,Beverages,http://t1.gstatic.com/images?q=tbn:ANd9GcRG3bX8f4Enj46YWtu-30etnMgUeK2t-SM0UMIvOnDRfBd9uwaIgukvs_LDSA
feta,Dairy,http://t1.gstatic.com/images?q=tbn:ANd9GcSQnuBW9IgbFz42Hw0kMSB0mz1taTDomfAKFErcdJFH3EmUMzdAMtcwsPoJ
chili pepper,Vegetables,http://t1.gstatic.com/images?q=tbn:ANd9GcSArKDVuOr4TtNgMnv2Ukslampa7JQrRjCdyU6tsmJpunJYZrfdStVp21_2
mango,Fruits,http://t1.gstatic.com/images?q=tbn:ANd9GcTZg04CqNC9So5rxEdUtgXYjAH3IlkO6CqQdJOd3hNsToqiFmn34AOE0BIL
quinoa,Baking & Grains,http://t1.gstatic.com/images?q=tbn:ANd9GcQFtgilKMGceWGVgZJRxFtK1mIx6m9KD1MJQnDjtx7ywOZq1xqZFVuIxMw
curry powder,Spices,http://t1.gstatic.com/images?q=tbn:ANd9GcRI5ju6LQop2I_6tOV4hoYLgStRh7EWZk5mVPGyIUBdWU_NmVJL8xoEgjIu
whole chicken,Meats,http://t1.gstatic.com/images?q=tbn:ANd9GcT7DtkJ2UBQXL06-0Bq5xIWdqYVyZrRZVJxmv-hD_3FSt8j8wq74bE9nCfC
flounder,Fish,http://t1.gstatic.com/images?q=tbn:ANd9GcQvbq7Gilu3lj-Opmi3RHkS6C_iyq-TBhP_FfcecDJ5nmu2Vb1NTljszg
sea urchin,Seafood,http://t1.gstatic.com/images?q=tbn:ANd9GcSIT-n-fYrbKNmOjBO2FZD73vv-olW7XG8Ix3pMG0mji_KDKpbCIZ8gxi8
rice vinegar,condiments,http://t1.gstatic.com/images?q=tbn:ANd9GcTkzkLy8QOkSzRqtleobmoe6SQB2nCfi96HuKxoKAkjdpdneiVS6UVgdTM
safflower oil,Oils,http://t1.gstatic.com/images?q=tbn:ANd9GcS5q8r9NM0-3QCWogH2OiLqsk5q92GjA5ZPdidq5Mqwk4prnwJtVgcDSkmC
wasabi,Seasonings,http://t1.gstatic.com/images?q=tbn:ANd9GcTaQJBY9Ta1b7jW21gfZep25R1Pkl_fGJDlh58IlcwQPyJ_IhxfBMlNPZI
pork gravy,Sauces,http://t1.gstatic.com/images?q=tbn:ANd9GcSEQCGVznRp6YibTJY9VvPdy6YhH925ahLa9olFlhEUIFX87h-M_zW9nfo
soybeans,Legumes,http://t1.gstatic.com/images?q=tbn:ANd9GcRNeQD8Q3pNn3N5-MJjprKNGtY3La4dX_uT64fxIkOJA6ZqFbMSICmzjto
kahlua,Alcohol,http://t1.gstatic.com/images?q=tbn:ANd9GcTEK4HGTlh3J9QzAjQnqgI7HjMQBNpQQ_l8A8cMKSqXeOcXxGc8a7zwh0I
praline,Nuts,http://t1.gstatic.com/images?q=tbn:ANd9GcSErmDGSGikzAs9myHq9AZUXnLZX1PNvM3PMViKYiZDlKPuSLz5AbEDPAMY
jam,Desserts&Snacks,http://t1.gstatic.com/images?q=tbn:ANd9GcRpsMJfxpSJOBM6WRm0z5JJmjZJ9Q096YGXJY0MRULsM2vNZKD1ZfdUfxo
club soda,Beverages,http://t1.gstatic.com/images?q=tbn:ANd9GcR67bxC_GZzdLZ7Zb7a4FVdvpHSG_fbobey5csmYkhKLaL-CuREYPO6j3Mm
monterey jack cheese,Dairy,http://t1.gstatic.com/images?q=tbn:ANd9GcRcMMhiA54JDn_97wnxufJ_M9Txa9b9IzJPu_wVEFo1TdsEes11E21LB1UUBw
celery,Vegetables,http://t1.gstatic.com/images?q=tbn:ANd9GcRhwW22Jyz-ZNAFIbMvH4GKHVBLjiHU3A-cs3o1vla-1uWEKeHGYo8NblE
pear,Fruits,http://t1.gstatic.com/images?q=tbn:ANd9GcTDF63x-_4kYdJvQTc9k_fKLYAN7-6CvT8bXSVoTuu0mypfDx5urcG8czGL
brown rice,Baking & Grains,http://t1.gstatic.com/images?q=tbn:ANd9GcS5wXRkyBZmyiff4rehKCohhd6l-4O54xdHuUhyzsgZVAiQuW4vIZGLdyME
bay leaf,Spices,http://t1.gstatic.com/images?q=tbn:ANd9GcTU_ODbPpihMVTOMwZ9AUg51i37SaIFVG5_qQ8NBTwpXG23Xlrm8Zf4r_sC
chicken leg,Meats,http://t1.gstatic.com/images?q=tbn:ANd9GcTuo0AaifN6p6vKmhFoZLTAJE1dWbEBdSUG85iV2Arh7htbRvTYN2vJo43Msg
catfish,Fish,http://t1.gstatic.com/images?q=tbn:ANd9GcSj8XjKnY8LFXzs7fzgLhS15kgvjtCaXMrfa-ICeA2XpjUfWrXe58s_F0Wp
salad dressing,condiments,http://t1.gstatic.com/images?q=tbn:ANd9GcQBFDtU5LTg7RKNTpNF8IcAgdICLErjvoHBvMW0Fu4A86U_m5Q6nXZXBiWNkg
walnut oil,Oils,http://t1.gstatic.com/images?q=tbn:ANd9GcSfOuD_Fz-r4DW8ZvDhwtizv82_Ajc__UytLphb17-vvEm4jh-uam8qHtrF
fish stock,Seasonings,http://t1.gstatic.com/images?q=tbn:ANd9GcRQltglvxMf1LD5xGCwiUwpBZ23hLs8M8HgiT667pbB-Eao3OXU1R0EpuE5
tomato gravy,Sauces,http://t1.gstatic.com/images?q=tbn:ANd9GcSsfQy0NW8g0pZ4bHfrtASAwj6l8Sq9PNMwq2PLkvzbjYtanb_1p-oeBLIR3g
cannellini beans,Legumes,http://t1.gstatic.com/images?q=tbn:ANd9GcSYw8s4Oj5NmJkhvTwlamYyt1vWVS-HgFCszG5r5tmIr6xs-pRvJFtco8RW
irish cream,Alcohol,http://t1.gstatic.com/images?q=tbn:ANd9GcTqv4hQwRUhhBNuqPy6hIk5_S0svHtgVCyP9EXgzsYTLOqpplyKKlkwttM
macaroon,Nuts,http://t1.gstatic.com/images?q=tbn:ANd9GcT-16i3pcI61aiBRm_6a2W5ggsBOYN-DS1FR7FsFM1nmoulWC4TiyCsHQg
white chocolate,Desserts&Snacks,http://t1.gstatic.com/images?q=tbn:ANd9GcQ-oAzCGY9gJib8by_C6yXZyGleNuuKHnvfp8GgZMkdUBnq45_OM1TRJw
sprite,Beverages,http://t1.gstatic.com/images?q=tbn:ANd9GcTa_m2Hlo-RGqfBMlerNkVSuvQT3vyWmhsjUOUALs45kJkHvisWXtfrmYU
condensed milk,Dairy,http://t1.gstatic.com/images?q=tbn:ANd9GcQ_zAzxY0yeT5Fc0euXEXIuEE7WVgzuCxkEfZ-Ayvjwti_WOFcJvIsvhlk
rosemary,Vegetables,http://t1.gstatic.com/images?q=tbn:ANd9GcSJmlM_ajCWjixOna_teKDep_SpUiJWyv-UO6K-JJRX_hMgLY2RyT3QcBXG
blackberry,Fruits,https://5.imimg.com/data5/WD/YX/MY-27996008/organic-blackberry-fruit-250x250.jpg
cornmeal,Baking & Grains,http://t1.gstatic.com/images?q=tbn:ANd9GcT0NBpr9ba4QOFNSUajrDmo2tyW8CCesEuk4lqReWKDsr_uqMAhxya-c-qU
taco seasoning,Spices,http://t1.gstatic.com/images?q=tbn:ANd9GcSdGQMvjBMqIqYyFrTWnnnxuJlzFDfjDEqgYdzatfRjvBrP3EpuJQpaOjT6mg
ground pork,Meats,http://t1.gstatic.com/images?q=tbn:ANd9GcRqpEL-TiFLPFxPy98GgBbg4CY_i_oY2OmSzsbyI6Ks6dPZgb5WGulkX0DB
mahi mahi,Fish,http://t1.gstatic.com/images?q=tbn:ANd9GcQSM_UsRIZbk--hSK2iyNWheZaTNa_pbxmLl2XrR5sipfFUKM8ef1u9DOM
tabasco,condiments,http://t1.gstatic.com/images?q=tbn:ANd9GcQVZJV9151E4adzpQdxH9t5w38Es9m37sctwDAwPI9_y9_Dsq6X8EXI837C
hazelnut oil,Oils,http://t1.gstatic.com/images?q=tbn:ANd9GcSeodkoIjEjZJrbjsQq3VjhAaBOZktA2ZfCIg41kVrJrLJIz003QZ8tzrY
rose water,Seasonings,http://t1.gstatic.com/images?q=tbn:ANd9GcQxNQLVF_TZGw_VUsLHLbwwOYBO9B0asHox088xfvLtB5U65crTozo21EgO
giblet gravy,Sauces,http://t1.gstatic.com/images?q=tbn:ANd9GcSXkn_7xd6ZncBecsgXaRmernEedbisoj5xdsaQjfX9uTrmfhZzpQ2YwvU
navy beans,Legumes,http://t1.gstatic.com/images?q=tbn:ANd9GcSk1LmjoAUn80IAgWaueL25InX7PAiTc-XuegFXY-liV8cTnRzoDEppE37A
triple sec,Alcohol,http://t1.gstatic.com/images?q=tbn:ANd9GcSSMOvr0ImgaTbxObl38IHoL8G0KrXw9VK9zStozTxuTCSnpbLuaVIQBBo
brownie mix,Desserts&Snacks,http://t1.gstatic.com/images?q=tbn:ANd9GcTe0X88WmZC9tjjQw7oEFa4HPx98EEhz-BJT8XjS-f3ZvkEddDXLBVzPg2Eww
kool aid,Beverages,http://t1.gstatic.com/images?q=tbn:ANd9GcTdsqK_RdOlh2SsJ0pc2KEWZJMiXdWkusl56x5Yg2wJEhz6i3GVqna5QS_Y
cottage cheese,Dairy,http://t1.gstatic.com/images?q=tbn:ANd9GcT5srcIWSnyYglnG_SUtWq8tSdu1qffWmNYFgopdD5scFUxpCQyylmPCVOV
salad greens,Vegetables,http://t1.gstatic.com/images?q=tbn:ANd9GcQEB_lDuhJhQInQ1DkoZsQJaE4SUZ-2qpeKHscvrMSSEskG0U95GdfSRhZQ
cherry,Fruits,http://t1.gstatic.com/images?q=tbn:ANd9GcTLuzLNx3ZsU3lUlqrL0xMWNq_NUlY6wZLYVyrOwp6aYw28hT6O0M6z-inv
self rising flour,Baking & Grains,http://t1.gstatic.com/images?q=tbn:ANd9GcS_Q4AyW_Ugh5mBCiP5UU6BM6TI-PzI31uVscOhe4nWjB7esn_M5sr5bjc
sage,Spices,http://t1.gstatic.com/images?q=tbn:ANd9GcSkTPkmM6ECtpajbuzeK8NIQHTpMdMPJwjrOthktnKRKhhLAi2oJohjXZQ
chorizo,Meats,http://t1.gstatic.com/images?q=tbn:ANd9GcSqjESmRfVdNb-G_QYzvrg0SX_j13p9Xird0TwWA8ECcU4A8TLGp6sLvhs
mackerel,Fish,http://t1.gstatic.com/images?q=tbn:ANd9GcSBiVJ10wN4_IpMEq0zDW8Ayi81coqz-oXpb_afl7xmsWN6u-pSDcUVkQI
fish sauce,condiments,http://t1.gstatic.com/images?q=tbn:ANd9GcTriFjj--VK3z0iNwn0GaS-siEPNhsezZRWZYLmC_0bHOeMRYFrsMUzyeoq
palm oil,Oils,http://t1.gstatic.com/images?q=tbn:ANd9GcTqbgsk-NMzoFfok0bC-71JpssHcQu_k4kexxVnAasRf29KWjgGIDbod-s
pickling salt,Seasonings,http://t1.gstatic.com/images?q=tbn:ANd9GcQBHrAGbc97gBCFOFb4eD_NVM5jOV_BIG5jWtc-L4FsstipxHBEOsBx6WbG
french beans,Legumes,http://t1.gstatic.com/images?q=tbn:ANd9GcTY7a3Kc87qVT2qG39tSz3i5Tz2vGI2ssttAKMsspp4DKP5extL4DQy5YXr
champagne,Alcohol,http://t1.gstatic.com/images?q=tbn:ANd9GcSbVniORdX_qE30QiUKJcMBX9mqCZScxakDrlkQWkJA4yTWnBFPr-0htugx
chocolate pudding,Desserts&Snacks,http://t1.gstatic.com/images?q=tbn:ANd9GcRw6_wDgltudY2eFKOOOdvlEXAIoltnrkONSP8kFEpw913crjKY4ZzqkrQJGQ
grenadine,Beverages,http://t1.gstatic.com/images?q=tbn:ANd9GcTCnrkmcDFT1qG4T9flf6ZZomMW4HtidVA_gg5SX7TzPaujiqLCDTxqAJE
ice cream,Dairy,http://t1.gstatic.com/images?q=tbn:ANd9GcR0V6MEBfUEkBvPY5F09enqNhOclv874EjygQnDR6wIGgBQkwRFUiIrfW8
red onion,Vegetables,http://t1.gstatic.com/images?q=tbn:ANd9GcS1XmI5XqX3sSdyM72Jq4FhwgZaJTz91CvnjwzBUGEBf_tDAUdem4LNidZ1cg
date,Fruits,http://t1.gstatic.com/images?q=tbn:ANd9GcSSY1opnjn08Gsa754xkuZbHQpKopJqR3IO4WcVOuoL_XDK__fYy7cA180
cake mix,Baking & Grains,http://t1.gstatic.com/images?q=tbn:ANd9GcSHYxEt_SV8ch0q9xdcIxbxPr0lUdl3YurKt4gNayFfBYSXCyAbzQ_Vbg
clove,Spices,http://t1.gstatic.com/images?q=tbn:ANd9GcTcajU89tvX5cAGa31dnl86tBBBqpZ8TVN6h34dJTgbaby8_9wYiUtLRps
chicken wings,Meats,http://t1.gstatic.com/images?q=tbn:ANd9GcSyukOMNEeqS_rR03OSRks6TlbDZPqjbu9d-jI2rXV7T-6a-NgRa-Tl799zVA
sole,Fish,http://t1.gstatic.com/images?q=tbn:ANd9GcT0j27Mj7OfzSoYBt24BHSNyOxD9Jo45T8puk26rsyxCgi3tmomw2KM8RkP
teriyaki,condiments,http://t1.gstatic.com/images?q=tbn:ANd9GcS-L-qvnwJqBRPBPLijK_p55Uokr-NpqnO2NYDKHn2_wg6kG73Anthd2-gP
soybean oil,Oils,http://t1.gstatic.com/images?q=tbn:ANd9GcQKb2W5fAHMz_vGPfVfE9mRGl8qkVkEWF4y6z8yhPX0KUT1rgLW-W-oTg8
champagne vinegar,Seasonings,http://t1.gstatic.com/images?q=tbn:ANd9GcSxSeFpozb2aJc0K1kRyVEM-9N33quoY1ZfnTXVO0q8SdMaRMvd6NYO9YPaAg
red beans,Legumes,http://t1.gstatic.com/images?q=tbn:ANd9GcTGQF6qvG32ojEspmxdPaLM9f53MTQIPBvPFyolY5tGfEyshbXI46eoYKHbjw
amaretto,Alcohol,http://t1.gstatic.com/images?q=tbn:ANd9GcSaGnF_0KyZs3hAUIIFZL7EUmEmJFDoPegWGvakHbea2h9DoYSSKiy365FI
jello,Desserts&Snacks,http://t1.gstatic.com/images?q=tbn:ANd9GcSiPG9W_auRa6ozvUPyJ3ZBFk5RwdO11FXESi6u2q73DqtikTxJh696tg
margarita mix,Beverages,http://t1.gstatic.com/images?q=tbn:ANd9GcTTwXH62DkxN1A-LjOTVu0NdW7ICtG8ckquWzgMLujj9wq8wb6LjLuDZOU
swiss cheese,Dairy,http://t1.gstatic.com/images?q=tbn:ANd9GcTp8m0TJv25G4jaj5hRUrlyScQ--UVld0spp9qYNqBYCKjouRQKCNeEiPfP
cucumber,Vegetables,http://t1.gstatic.com/images?q=tbn:ANd9GcRGIKm5wGXFu0cxRReJFRjH3H7YM8Z_Gqg369xIRpfbo5-SFzxGnR2T-aJr
watermelon,Fruits,http://t1.gstatic.com/images?q=tbn:ANd9GcQ9w92eN2tKRKAMjCFxdSRQzGvIj534ZOa-PZR6YDHKS4ONgnzN7NrQa9E
saltines,Baking & Grains,http://t1.gstatic.com/images?q=tbn:ANd9GcSlaQBMveq9EusERIJtsgY7V88Em9YE-mT1bER2Xd-lvyuTOUo2mWnhYmlP
allspice,Spices,http://t1.gstatic.com/images?q=tbn:ANd9GcRaNXfRbiSOFuOSP1OqykIoC9I_Zxcl9Tl64oC2B6HVIl-jHLIivKLhSFW-
beef roast,Meats,http://t1.gstatic.com/images?q=tbn:ANd9GcSX96Q37uTSAYOTxdBIRkBfIMHuKiYTtKv0HzdqSgRLDo7TbkXCZVxFFR8
sea bass,Fish,http://t1.gstatic.com/images?q=tbn:ANd9GcTsFkKoG4TLfP8CnBJ7henNpb2iLr5anIs2Ov6wWLzMps5P7epS56q8Wzdc
steak sauce,condiments,http://t1.gstatic.com/images?q=tbn:ANd9GcQ_B8hPZWf3PsqgMGPbDnLh6eec-oOFZz0mHnjyDOxSFKQbpkQxxHNJZTGn
mustard oil,Oils,http://t1.gstatic.com/images?q=tbn:ANd9GcRe6UUj9xOsfuWMshaP7SItPsFZqCj2NpkXEM9ehC12PSZPxRvHnCr4Pgke
bbq rub,Seasonings,http://t1.gstatic.com/images?q=tbn:ANd9GcRITngVk_7tHni2Y5bnYhfByUEfnTrcq9-_QgWWiWDb9t648Sp13KppUKU
great northern beans,Legumes,http://t1.gstatic.com/images?q=tbn:ANd9GcTs-cpYZqsQV-YmyadWH-ebAVJggSFJyZyeqLDsejcSQVjieg1C-sUzrv5A
cabernet sauvignon,Alcohol,http://t1.gstatic.com/images?q=tbn:ANd9GcRE8KZRII3QhrD3_SnWa82b2sL7A-vCnnc-aiu52gVw5b6z6i6GAA7TxO6u
caramel,Desserts&Snacks,http://t1.gstatic.com/images?q=tbn:ANd9GcSTV9aDk3dUFDF_tZIJqiMOSeuCT-fMSEpzVpTkfTlpYtqcMKuXVi-y2Ca_
cherry juice,Beverages,http://t1.gstatic.com/images?q=tbn:ANd9GcSH2KGJyHIL2ZigTGUACC7cvrm_uaulCRG2qnTeIGcM8tzwxUBakuFWQXqc
velveeta,Dairy,http://t1.gstatic.com/images?q=tbn:ANd9GcR6mx2m5MNRhXjcGmS93vXBrq6eR5b8Wx-HBh9ngwqalYDAqc0gIiusFfob
sweet potato,Vegetables,http://t1.gstatic.com/images?q=tbn:ANd9GcQcappJTf3A1QzMHvifDGj1QMVI9o4uUl8KvnGjycwqSrtCsQ7okiArrI4
berries,Fruits,http://t1.gstatic.com/images?q=tbn:ANd9GcQRs_pMdLb6mguHohgkb19GEG-x_kFvE_y_U9XLnm0eCdOB44_EohwjGh4
popcorn,Baking & Grains,http://t1.gstatic.com/images?q=tbn:ANd9GcTgfzmNdt59qdjXsL71chZuD0TgCp_H-RFL1gmkA47WynyOHq5uOyZKjAlo
turmeric,Spices,http://t1.gstatic.com/images?q=tbn:ANd9GcStvazzTjHoNwfl-cTCAp-lzN87FLyqD5ynrdnaILsyXh7yLwXyMGxxJYTF
polish sausage,Meats,http://t1.gstatic.com/images?q=tbn:ANd9GcSj2bQkBXDedmLQJMWfWJhoyqR3OyEn3zuY68cb4eyufgA6Gok1-fn6w_k
red snapper,Fish,http://t1.gstatic.com/images?q=tbn:ANd9GcQCxGa-R18Zf8aZWaX3x8lfuGNNS4Ri-sipLNvo2KutQiW40evS4WxJvPI
tahini,condiments,http://t1.gstatic.com/images?q=tbn:ANd9GcQI3wmMcxnJIeaZ2evOcIGnXtV1XAURnF_hVJHPgKn1FRVFxcYkonLdL3I
pistachio oil,Oils,http://t1.gstatic.com/images?q=tbn:ANd9GcRBidhS8HwB6rI2uZlWqZTs-PB369Qc3cc7XGFcZz5sCIFnkgCk7VOzsTU
jamaican jerk spice,Seasonings,http://t1.gstatic.com/images?q=tbn:ANd9GcSwf9F2wesT2iyVDtTfSJdfyhf_ljOrE6WepO_xnT1hAoXRi1pryr5eW7c
fava beans,Legumes,http://t1.gstatic.com/images?q=tbn:ANd9GcTbBBz8MVEpXIFzMb7o6c08ldYtTcn9Q4UgLmUvKj7c_C6IIf5jKmeE3PvC
vermouth,Alcohol,http://t1.gstatic.com/images?q=tbn:ANd9GcQORvY_mIkQrzLVHaTAFfC1MBN2d5xfazDtgUKdRDLaWoSe5H-Ib5hEsZE
chocolate powder,Desserts&Snacks,http://t1.gstatic.com/images?q=tbn:ANd9GcQFcUHhGffWYm58jtV6HGw9ka94DGYt5lKcs_P1C7FyrmOiyMRlIDj7dJ8C
pepsi,Beverages,http://t1.gstatic.com/images?q=tbn:ANd9GcSSqpuuMNPg3Lc1gaD1IpX48AhisBMVDfgjyU9bPQnm635MCSGAJJesGCcU
frosting,Dairy,http://t1.gstatic.com/images?q=tbn:ANd9GcSL4z7ESH3pK6cbYF6XsxSNLrlFuEDOLkDwmJZfFcq2Bb2eamMZv0H3vKVl
pickle,Vegetables,http://t1.gstatic.com/images?q=tbn:ANd9GcRjYdNfoyGlqbQeJVsMsF-GRSyyN5n7XoThLSqGAAetr0J3s_DTtx9Nw3JH
kiwi,Fruits,http://t1.gstatic.com/images?q=tbn:ANd9GcSxGSSA6smSzNeRGC4wav-WFPW11D9FHSNvJK1gSETFDVK7YmPNMRq4uWA
macaroni cheese mix,Baking & Grains,http://t1.gstatic.com/images?q=tbn:ANd9GcRxbezm1xfPgP-U0ZfelyywTYUPeXcHjmmF8iiI2HMSwvMISJO3HrZDRlAB
chive,Spices,http://t1.gstatic.com/images?q=tbn:ANd9GcT8jzyyLho-XK46OxOq28b79D125hOCR3syjMhZ_ysptcoE2Az-yKIGzWk
salami,Meats,http://t1.gstatic.com/images?q=tbn:ANd9GcS8SGe2Gw70ORZ-QbyLfeN6lUpzSoWK0XLlpShgjGeurPJzusIJcILq03XB
swordfish,Fish,http://t1.gstatic.com/images?q=tbn:ANd9GcRtrTcNwHQQwmoGQL39seu9bAa0ZJ42yFRGw2RH0SOISVPTbuP5UCp0Lg
enchilada sauce,condiments,http://t1.gstatic.com/images?q=tbn:ANd9GcRS3wM_1766h5rXo9O0g_NhFr7KYEE6U3c0jQENJnZPpqnRepmo27ZBgmpA
soya oil,Oils,http://t1.gstatic.com/images?q=tbn:ANd9GcSGKdMMBpqTHHThgMNVeOtpUv5Ue6W_M-_BtFlX7_9Ive-gXFRKwZY5f8rm
accent seasoning,Seasonings,http://t1.gstatic.com/images?q=tbn:ANd9GcRLjQuq3fvspgokqWArUpG-qryCfp4WQ8bsBGjCZMq7KGVaGr-O_8tS6ag
bitters,Alcohol,http://t1.gstatic.com/images?q=tbn:ANd9GcQnVIrp45zwzrbQq5seaPp4QKq1tOb84-Sfw8Dlpo069CIDCbircFeEcTad
candy,Desserts&Snacks,http://t1.gstatic.com/images?q=tbn:ANd9GcRsmUvybeMJqjnnXmFp1OdFqWbMsRZqCmymbsRZiG83JpgbFKwsIlBLj9I8
mountain dew,Beverages,http://t1.gstatic.com/images?q=tbn:ANd9GcTn3KN8j3uhNMO7ER0nG-YYnRHbwbSLcrjFAJ-RowcEwyz5OuKJlK5LUs8
buttermilk,Dairy,http://t1.gstatic.com/images?q=tbn:ANd9GcSUoIjQeqeX6BtyZpJH2SsKZmCF6Yfhw0ZddUzopNR4O2i-_8joQYJUMLu0
avocado,Vegetables,http://t1.gstatic.com/images?q=tbn:ANd9GcRXimogDIjgF9nvROcHdncf9k2nA-aWNFU79WRfMDHWRqEVXZzVfRohN6E
grapefruit,Fruits,http://t1.gstatic.com/images?q=tbn:ANd9GcR2lR791PW0KHoDER0woej5XaX9Nn5R76bC7fCBWqExalQbroZGNsWlJmLn
corn tortillas,Baking & Grains,http://t1.gstatic.com/images?q=tbn:ANd9GcRv0Le1sHHEqC9nHqr6rjNDxJPE_3V0ltgEaMRixATU_c9ooFhKt0LU3Wc
peppercorn,Spices,http://t1.gstatic.com/images?q=tbn:ANd9GcTmVEtBJkj9zLYN0x9ntAcTA-i686n6QLvf5xiwSzYUmIFvYMfeOCOMiGKxPg
pork roast,Meats,http://t1.gstatic.com/images?q=tbn:ANd9GcS3JbZnAe6u-KiFEukSfXD6K4rKxPdL511Z-nR6q1pYBpKIqL2McELLHNx-
pollock,Fish,http://t1.gstatic.com/images?q=tbn:ANd9GcSDRWtqmevvW54XVnMZZdHI3J2310xA8V7lo6HT3kNhJpVTuvWa7mXALWNX
vinaigrette dressing,condiments,http://t1.gstatic.com/images?q=tbn:ANd9GcTFD9Yg2dcQw-DQZhfPWPntfJF_zA4Tvrk-d6Ev67Rh1ozHoYKkPUDVM_vA
pickling spice,Seasonings,http://t1.gstatic.com/images?q=tbn:ANd9GcSuBPs7C9Al_BWKuCeHmThfq0AYscGp6sAYaSqnPVmD2144ajfHnN9K-wny
maraschino,Alcohol,http://t1.gstatic.com/images?q=tbn:ANd9GcSpVVOGXzGN46mgXcHcauNaQrzM3L4Ut3sgkbCyVZnZgj4cxem_111kt4h0
corn chips,Desserts&Snacks,http://t1.gstatic.com/images?q=tbn:ANd9GcQDFkK1JH06s16Ct5ucDLFkbLh6SyUA--YAQmiJkaHuahcGRtmFpUHukp11
ricotta,Dairy,http://t1.gstatic.com/images?q=tbn:ANd9GcTklgaHKpgistQINjswewE3AAnt1aEtnTxHMitMyBRRGgf9f_IjIL_RVWs
zucchini,Vegetables,http://t1.gstatic.com/images?q=tbn:ANd9GcSPQnh5vBjnjHKQQrDirQh6atoGgKTFVG4aKlwi11ib2Yya23vCdpbZAe8
mandarin,Fruits,https://media.homeanddecor.com.sg/public/2017/01/55967-oranges-tangerines-clementines-citrus-fruit-39683.jpeg
ramen,Baking & Grains,http://t1.gstatic.com/images?q=tbn:ANd9GcSJ0eEid_-gh7_deiF0bCLNfZw3HJjUz3Mn34gfraDVd4-Z8OG4crKIINs
ground coriander,Spices,http://t1.gstatic.com/images?q=tbn:ANd9GcSAnEFUOiCl0FoEYA0J7T7sC_RK-hHfbKpwtC7kDappBPj-9CieekJQ3ViZ
ground chicken,Meats,http://t1.gstatic.com/images?q=tbn:ANd9GcR5l4Ox2LTKomTTJQyfYa5muJfb6Ky-0vQNUW74sZK5lWK-0AFIXBbR5s-p
herring,Fish,http://t1.gstatic.com/images?q=tbn:ANd9GcQKZ61HrohKG2pZHDbW4k7IyCsneIb9viW-DkCAdYg7wceiidiBaqxeuIJg
oyster sauce,condiments,http://t1.gstatic.com/images?q=tbn:ANd9GcS-JSYxA5mJxdseaDdt_9QSGLD6dt0tASS_h9f1rIK0TmHOVm0tjc0G9GzV
mustard powder,Seasonings,http://t1.gstatic.com/images?q=tbn:ANd9GcRHKiyNkin-4I2LbX_wPKUAlkNRGms-J7wqqC5dWDyl30INKZSPZcVa1Vq0XQ
sake,Alcohol,http://t1.gstatic.com/images?q=tbn:ANd9GcTojJeM0OTmy1F3yOvy9z53hvbThceP8y7qVkLxunOdZzqQg1UCNooMR6E
cookies,Desserts&Snacks,http://t1.gstatic.com/images?q=tbn:ANd9GcQ-EWrgA5TzF3HEAoo0Eqw-iLuMUrfA1QjFddKEE78F225CFvJ1P48FDaE
goat cheese,Dairy,http://t1.gstatic.com/images?q=tbn:ANd9GcRMhTg7fmxid6uYMMAxsKy4W8bQjFAidp7l7R1w9XjyJu5Nk7KBSrREIx1L
cilantro,Vegetables,http://t1.gstatic.com/images?q=tbn:ANd9GcSQG4JePVEhJATS9i600WSYuH7heVtXSWP-uIFOTRb6BnxiWZULzXHCxNI
craisins,Fruits,http://t1.gstatic.com/images?q=tbn:ANd9GcRqUpgZXkj9CjWZ2uJWflOvksYtygvsPNRf7fSQnvv4RpYGwv0QkNVijb4
cereal,Baking & Grains,http://t1.gstatic.com/images?q=tbn:ANd9GcQeAlfhGWYkL_9aRhsfd1SzNOihFv1KToOd0_jzNducs0xRyANtBAPosZGT
cajun seasoning,Spices,http://t1.gstatic.com/images?q=tbn:ANd9GcQZq4hWaCp-ilGR3wUllcanjl54wJsZN_1s2COYiJgQFOnA_UAr17JdOcq8
pork ribs,Meats,http://t1.gstatic.com/images?q=tbn:ANd9GcR3IJHsqj71vYQagMKHFg89ckOXV3ZUNGxfe-bx-IRYAk9RlsUGzh54i6k
perch,Fish,http://t1.gstatic.com/images?q=tbn:ANd9GcT3bBKj9_qUJ4rSBK4ZCjND3DesYca7TX7EdUnX_dHSGOZ5CExJ8cDLZ0k
honey mustard,condiments,http://t1.gstatic.com/images?q=tbn:ANd9GcRc84uIq--6NircX0Yu30Rm4CDokf2P_ahdX0dWM1_45KIZ7vuEy_wdNEo
mango powder,Seasonings,http://t1.gstatic.com/images?q=tbn:ANd9GcQkfXRsKsWLvDJBpHSV3gNpdbbme-TC-ogCRaj90q5ED8bbMYT3II9ZA8KC
grand marnier,Alcohol,http://t1.gstatic.com/images?q=tbn:ANd9GcST9GaixuGBurx-ITT4cf2nArdz2otTpmV65pJc5Hv3J0fOuyeMlERFOB7o
apricot jam,Desserts&Snacks,http://t1.gstatic.com/images?q=tbn:ANd9GcRb6583si3zInhL-oMA5J07SSpT5dDdgKlxjwsYWzf_HouXIEfYeICIwtA
provolone,Dairy,http://t1.gstatic.com/images?q=tbn:ANd9GcSLFWZ5k2dfJrbXeJDprc2OlFaX-9SECIF7Xc0Wzy_IeShhP5A_efUm8PPV
frozen vegetables,Vegetables,http://t1.gstatic.com/images?q=tbn:ANd9GcSwUZeNrwk3WRcWjCgxKlMhA6USHLsTvUSBdgmMm6GPvGwKx0bKA1p6C59S
cantaloupe,Fruits,http://t1.gstatic.com/images?q=tbn:ANd9GcQyZyWWYhs9Ifti6D7gM0ilLK5Wh-lCjXK65QaBS7fhiFriwshqVKJf73w
biscuits,Baking & Grains,http://t1.gstatic.com/images?q=tbn:ANd9GcQYHRLlLmO9ZxUXnTfW2aMABgJ8xYIUcquOi5BnMU913Rm0Zi6V0eKkEUQ
coriander,Spices,http://t1.gstatic.com/images?q=tbn:ANd9GcSkkRbfCY9MuQAaDX3qu-0tOmgtDvm50DWWyELo646j7BqxS0XEB9k86PU
spam,Meats,http://t1.gstatic.com/images?q=tbn:ANd9GcRrKI50Gi24Yilh-MrkwnBdUkxlr2BJMJAiHYml9sZChiafKepNPTH9XRA
grouper,Fish,http://t1.gstatic.com/images?q=tbn:ANd9GcTS9aJIArVhZw73MD9QbxkiwnFLKTzrt_eI8m1Jkj1DOoZR73L1m4p1daI
sriracha,condiments,http://t1.gstatic.com/images?q=tbn:ANd9GcS_Azfyr8b90J43a52kHqj6sVtXgUqGaJQO9h_RFwHqzitjIjCJ5qePBWM
adobo seasoning,Seasonings,http://t1.gstatic.com/images?q=tbn:ANd9GcTcXpRf7uBm5limWMu9xNfn4dcxz9p6fw3pnXJR8unBVMGsFbLgpYKQf7A
masala,Alcohol,http://t1.gstatic.com/images?q=tbn:ANd9GcTaP2hGBejg7-Fa9v8L68nYPE8tDQeLwfzuYPq2Uxsk5mJIrFf5uHi5et03
chocolate bar,Desserts&Snacks,http://t1.gstatic.com/images?q=tbn:ANd9GcQsFfDcNzjRYdLae-zp0T6zxS-MFrMpqvNyp7etmfoLv7hJ29k3OJ1l2dtr
blue cheese,Dairy,http://t1.gstatic.com/images?q=tbn:ANd9GcQey3cNevoEdkiveIJpvucPulN0Mez2gWPcyLndffyMVQU8qvbWU3yEui3l
olive,Vegetables,http://t1.gstatic.com/images?q=tbn:ANd9GcTXZY42Bc2BS9o9CEyNxPduoXZexmsoTrulQmGMXJWRX2W_XxnrHPiqV4k
plum,Fruits,http://t1.gstatic.com/images?q=tbn:ANd9GcRC-RfByTFzwK0uxa3RwQIeOqvatc76F9ZJu4NUUvTFFkvchfbTWsYbz5Q
stuffing mix,Baking & Grains,http://t1.gstatic.com/images?q=tbn:ANd9GcRCzTpaEr7XwpESSds6q-nJufk_YDXlUrbblEG9qXiw7Z9d7-qypZYwZDU
celery salt,Spices,http://t1.gstatic.com/images?q=tbn:ANd9GcQdAWOtV9bTm4QvmkLl1QbhIJ1GRwFtIfJm8Ur-NZb_O0HZTNFgVNv_NFw
venison,Meats,http://t1.gstatic.com/images?q=tbn:ANd9GcTFv_Yz8hRvTK4YSLXp3yAn8KOq1yFn32Et7TiYricGmWwCmKpdk9E7pVY
caviar,Fish,http://t1.gstatic.com/images?q=tbn:ANd9GcQXTNZsz30HagiuJQ0tcbN2UxgXIlpUZVtZn6xdkNTIlWFvTPyA6-_8oKs
caesar dressing,condiments,http://t1.gstatic.com/images?q=tbn:ANd9GcR6rB1mIvWmzoWfq7E4GYyROzk_t_xorz_Zy9a6XIGpoET5juyhbSCeOdT0
kasuri methi,Seasonings,http://t1.gstatic.com/images?q=tbn:ANd9GcQS2YXBnfpDzrDUSlmhgVsSDG0ujRyyZg3U7AT8HB6WkRYru3hIVY0csC9CzA
dessert wine,Alcohol,http://t1.gstatic.com/images?q=tbn:ANd9GcRfFYzyQcfyY6DpMTEjhAP_DWoCcy9lcMViHhefaEhrGvAsJmZsJlR6tIEk
cookie dough,Desserts&Snacks,http://t1.gstatic.com/images?q=tbn:ANd9GcTgQLwHCNxtMQaQ-1pVszP5L0WBRgBC-UPAZr6O8wt6Vnvk5yb6706QI712
powdered milk,Dairy,http://t1.gstatic.com/images?q=tbn:ANd9GcS65ARo4XvxlBarY3GQqU3-J_zMm2W5x2hSRYvd2UzSyk3Zj7WhTVawR8U
asparagus,Vegetables,http://t1.gstatic.com/images?q=tbn:ANd9GcSvyA_Vz235E1ISU8vvySzDj8aOKUfMEogbUOdpa6sI1bP_5Pb-zQAmW3U
apricot,Fruits,http://t1.gstatic.com/images?q=tbn:ANd9GcSpHhxE6pvyY6oDwkt5zPV5uVOA8klROTrrGrEidVADc4h4-HtMAc5eNno
couscous,Baking & Grains,http://t1.gstatic.com/images?q=tbn:ANd9GcSPXRR1obHj1b7SSPCT4gAYVmEBluerxLVtjeMLk4XZLRXjGYFP-hrGqBY
vanilla essence,Spices,http://t1.gstatic.com/images?q=tbn:ANd9GcRaDTMORvH_FFVaVrFksMb7zDfBFlVZjKghLo7hOeH_xHgxj1tnB_kzj7Q
pork shoulder,Meats,http://t1.gstatic.com/images?q=tbn:ANd9GcQzFURTfyemV4_yafH1uLpDYBLhJbe7SiRWDAb3d0NPCOMTNHrlGREJtBc
monkfish,Fish,http://t1.gstatic.com/images?q=tbn:ANd9GcT_NvfpPGM1Qylvxqkh0FVV2dTRxTWs7KEksXnBJLRleL2zuIgWkMrTju0
taco sauce,condiments,http://t1.gstatic.com/images?q=tbn:ANd9GcQqmZQer9mmvvmq7SYxGwuVrHPZXikHP2jBTpN0SoMjE7uViHNWQzLGiyI
caribbean jerk seasoning,Seasonings,http://t1.gstatic.com/images?q=tbn:ANd9GcTDQQY6iPCem-N1FA_mKHC1uqs-Wdz8bwKFU4Kx0jXtJxtTMnczRb8nj6nE-A
schnapps,Alcohol,http://t1.gstatic.com/images?q=tbn:ANd9GcQo0gNXFY684M390kY6PicAUE6BHLjAuLSFajK519i3UEUtfGV_I4J_Sq0
oreo,Desserts&Snacks,http://t1.gstatic.com/images?q=tbn:ANd9GcSWBklBcy4TFxCZInj8ydIWi6wQFgCzTmQAq8zZoMOGMpNs0fDdQCtSQer1
colby cheese,Dairy,http://t1.gstatic.com/images?q=tbn:ANd9GcR40itlwXc7xa-Z2j-AzUAkEkI8gIxeaO1K_0HXqnfWUiOW8a4-6PqCix4
cabbage,Vegetables,http://t1.gstatic.com/images?q=tbn:ANd9GcTJ7tQ9cMq4i1z3Haj9v1qf2L3kzF3i7ckiDpW7xb72HM2in65kc3eZyTI
clementine,Fruits,http://t1.gstatic.com/images?q=tbn:ANd9GcRHcgQFOzEgbjAZNcdkKSarsMyEONJSCVITvAae-TFZC5XQBk7EL8NErv84
pie crust,Baking & Grains,http://t1.gstatic.com/images?q=tbn:ANd9GcQFJugkcKEkotnl2l5KUGPS4H0V-RARqFeypWaC63lyJdUQkPCpMvBVf3U
herbs,Spices,http://t1.gstatic.com/images?q=tbn:ANd9GcS50yGVmIQhD4KbmzjAt381j8nfNzPQmokrmWYkrDblBREmc4e8KPtRaiGC
bologna,Meats,https://upload.wikimedia.org/wikipedia/commons/thumb/c/c3/Bologna_lunch_meat_style_sausage.JPG/1200px-Bologna_lunch_meat_style_sausage.JPG
rockfish,Fish,http://t1.gstatic.com/images?q=tbn:ANd9GcRo5NYTcq4kB8V2i4zack3z0UyjQ5tFQNf7-eMbBNh_ccOoZ6wZ4ZqPrQ8Q
mirin,condiments,https://i.pinimg.com/originals/61/da/df/61dadf1fc88d4954ebf2bdb9d941e68a.jpg
brine,Seasonings,https://www.simplyorganic.com/media/catalog/product/cache/4/image/1600x/9df78eab33525d08d6e5fb8d27136e95/S/i/Simply-Organic-Bottled-Spice-Turkey-Brine-18504-front_254.jpg
port wine,Alcohol,http://t1.gstatic.com/images?q=tbn:ANd9GcTM21CTl1DG8kFrXHENlvcnzvtgjrb8jsRA5qfUNBH-Nw1j3lfwfhLkhWYU
doritos,Desserts&Snacks,http://t1.gstatic.com/images?q=tbn:ANd9GcQNUaatKXKh9TXmB68RO0jr7Tk-v64Z_9MVFvUWPduee05fdai4fRAA0YvC
pepper jack,Dairy,http://t1.gstatic.com/images?q=tbn:ANd9GcSFkAfJvn3B__OFqQMbiDcjQtKh8br67VuMlOccifmKNVbjl8oEMWx4Uw
cauliflower,Vegetables,http://t1.gstatic.com/images?q=tbn:ANd9GcT0GfT5JTJyncxC2Evtun7HZo-5XfYcgtKq2xaipTm5oAqofKpsLnJL5Mau
prunes,Fruits,http://t1.gstatic.com/images?q=tbn:ANd9GcRc92AkG2lRxGDHJAVrfrCcvqUpRUw3ZH6s_HKc5Zt2YuYnH-8q9e8Fcmg
bisquick,Baking & Grains,http://t1.gstatic.com/images?q=tbn:ANd9GcTBsJNl5OfNhUk66viVhexghCzslKy4JTpsiAiC57KAPGZtwCokJwojQ_xOEA
steak seasoning,Spices,http://t1.gstatic.com/images?q=tbn:ANd9GcRMqTcxzNP33O27NmHF6DY0Qv0P4MOUSI2ZbwLLDQSjYH9MJma3MSSPqIxx
bratwurst,Meats,http://t1.gstatic.com/images?q=tbn:ANd9GcRezPMDun6XUuMTD0I7s9KO3zlxCoQV0wOeNEr9aPN9MDcNjXHwxlsmifw
lemon sole,Fish,http://t1.gstatic.com/images?q=tbn:ANd9GcTOIm13PHrS6vAb9ewhhZkWCoX5H77j3lkM2nz__kAYt_Hzq5D6_pg3feE
blue cheese dressing,condiments,http://t1.gstatic.com/images?q=tbn:ANd9GcRkhdhhGg1DgjYQko_-G_K9hdiQymD7cMlRLOjqttaU-gyIrtiJAMZOS7OF
matcha powder,Seasonings,http://t1.gstatic.com/images?q=tbn:ANd9GcSHNFwzBdpJrkAvXHzabetqwM_Ci1-XHbHocDA-SoU0g7CRr0BRXcuTjO0
sparkling wine,Alcohol,http://t1.gstatic.com/images?q=tbn:ANd9GcTKKk3_U3zSrXH9UDyfwlsu-MeqRWIkF-AOoNu05iIysggTBqEZDznkArqW
chocolate cookies,Desserts&Snacks,http://t1.gstatic.com/images?q=tbn:ANd9GcRjZ3Iu7xvmAVKUydqAdBWqZ-vWXQBgEP6TpELL2ZDVXqVAVZvGFnROisme
italian cheese,Dairy,http://t1.gstatic.com/images?q=tbn:ANd9GcSVnNJYz0G2AYdPiK2oBjmPlSUsZaffVw45wGVN7trua5bB_kwx2EDrLKky
dill,Vegetables,http://t1.gstatic.com/images?q=tbn:ANd9GcT9onAhF2wl9tHES5s3N_k2beM9W7q9kRyhnaA4k_OAHjtfRSSUP41f5GI
apple butter,Fruits,http://t1.gstatic.com/images?q=tbn:ANd9GcSEeS9IaeES_5nPEmaXhyipR9CrQmh-oXuJXXtawDCkaXjN-MqGeg0vUv6Kqg
chips,Baking & Grains,http://t1.gstatic.com/images?q=tbn:ANd9GcQlG5AiMsa_NjP9_fSCzVw4o7L2PUcxxbjEOS1G_lr9CsRDkbKjn-xsJe0
poultry seasoning,Spices,http://t1.gstatic.com/images?q=tbn:ANd9GcRlvzyfbNEEO-H99mJOENSULqNazhoassf9J1Wv28iY3OryX9ENW05SHnUhHQ
prosciutto,Meats,http://t1.gstatic.com/images?q=tbn:ANd9GcRkDYrp1eZB-3yKsSRsMwEYAegjVRu9ZeZJSHvGl3xDQwiFWmTRV7ePpm2Q
pike,Fish,http://t1.gstatic.com/images?q=tbn:ANd9GcRpu_zjJrWpWSb-_n8xfpvApfkNO5vfQPT8Gxplyo_cqEkkAKKb7W94eQWP
sweet and sour sauce,condiments,http://t1.gstatic.com/images?q=tbn:ANd9GcQYhxO7Phundg4PIZmqMTgIxMT61IKmvV55y57yLYePfHWwcQCHDX8LRAPD
cassia,Seasonings,http://t1.gstatic.com/images?q=tbn:ANd9GcQK1cAwIz5gpG5rzkeoQ3McdWaE4EU02YkCgeD77Tj9qsok3OU7xAOS4iP7
cognac,Alcohol,http://t1.gstatic.com/images?q=tbn:ANd9GcQHKaObdbsAgt85ugqhRXLQ5w2QR88QsBFgjZdDO_BkKktcOznBJRJtd44
butterscotch,Desserts&Snacks,http://t1.gstatic.com/images?q=tbn:ANd9GcSztbXA_AGuvPPP-cUyJ09cbNwNbZiGpVU9Ty1YfBB2bTJHil1TtC9a9IQ
soft cheese,Dairy,http://t1.gstatic.com/images?q=tbn:ANd9GcTGHI8sJqpUCBmavbDbeJ_QVTWmjMA2IYWlxHapdZmxQxL8bYt3fVjrrA
kale,Vegetables,http://t1.gstatic.com/images?q=tbn:ANd9GcQIhWSD2Rca7oZwi89fmWeDInywWZqlraoipQI9R4sG0JVeo32wFTPYfrM
pomegranate,Fruits,http://t1.gstatic.com/images?q=tbn:ANd9GcRCPZMxSkZq8win5GkSlIHUD3NuRuBCzFU4x8z8W-s3nDzbBlzVNTwYP0s
angel hair,Baking & Grains,http://t1.gstatic.com/images?q=tbn:ANd9GcTz9qgnykLoRJ-PzdoP5nMCrctQD26Sie9Iq2TH35sZOhulNypVW6ti_w
chile powder,Spices,http://t1.gstatic.com/images?q=tbn:ANd9GcQR0q2x907X8bxBBd3T2E2b9YG_UWiXxmrsGdLzYQ5ES_Bw8YQT1N22BCpmJg
lamb,Meats,http://t1.gstatic.com/images?q=tbn:ANd9GcRlKtZ_Qe9uSS0bPoH1PM1ZI4FIIOTU9Ix-tQCaSXUEDsWnzFX1BBBY0IfS
barramundi,Fish,http://t1.gstatic.com/images?q=tbn:ANd9GcReHqIFPinDkjdTH44Kuu6oxUwVK8IqKAti8VZ300gXngd_GPcpXrAW7cEK
thousand island,condiments,http://t1.gstatic.com/images?q=tbn:ANd9GcRvXtRLZKviDp79LcY2df7XwPW5YYcGZEz0YkRUNys4met9Nx6H4SprRSm7
chocolate liqueur,Alcohol,http://t1.gstatic.com/images?q=tbn:ANd9GcRxmHpnAHxAZiRrubI8wBeEqOIag8PJM-xOYF-UQkJ3vejbxKaYXdpUdY--
blackberry preserves,Desserts&Snacks,http://t1.gstatic.com/images?q=tbn:ANd9GcRJqo1TzVGqbnUfT2zLkGgwPwCGjGEZUGlWQtfb9iILexMUqzbZijCtNyE5
gouda,Dairy,http://t1.gstatic.com/images?q=tbn:ANd9GcSQ51fgtV3LHZNHRw194M0Nsp4Vwk5HvycJJ3enBa9_aU577awb8s3wh70F
mixed vegetable,Vegetables,http://t1.gstatic.com/images?q=tbn:ANd9GcSN4m7AzypJmTrpVnwPzay4cyhyYoc2G1684CG6PbQTxZHNV3Jh5iRHvWJAog
nectarine,Fruits,http://t1.gstatic.com/images?q=tbn:ANd9GcQhA4GSLLPB2-ghgqVpwLT_yuHy69OLLt11_scfTD-5Lyy7BNRKRR0u-rw
coconut flake,Baking & Grains,http://t1.gstatic.com/images?q=tbn:ANd9GcQkTEYxwV_pHc8n5xjbRmA0JZ3Qk4KUudF2DIN5qxvAF1_2lphZrEwt-gEL3w
cardamom,Spices,http://t1.gstatic.com/images?q=tbn:ANd9GcR3YX42xV7xEb0XCn_dtuksUigYgTuUetdBVeeW7rRkSTn1770p5OkCkzI
corned beef,Meats,http://t1.gstatic.com/images?q=tbn:ANd9GcR-8XfUwNM2Xy_oaBnEjZluHL9TV9J2dC2qq_Vz1Fx-8V0LOGa7BwhegfGR
eel,Fish,http://t1.gstatic.com/images?q=tbn:ANd9GcS1xPC5gG5jqnrxtNcy4JljwPDiWLXd8pGyTGThbLjqLF544iNJDF8-sCY
picante sauce,condiments,http://t1.gstatic.com/images?q=tbn:ANd9GcSc2PEcTIxFHStl--jIPbsyC6zKbf-T42Aw750R_tmuoPIa47xW8YQ7UkU
burgundy wine,Alcohol,http://t1.gstatic.com/images?q=tbn:ANd9GcTYfmYKtiidGwqNbNyeKW8ottreVlI8ho9OjIoT2G5PR-gtRNZU8uXy_cw
blueberry jam,Desserts&Snacks,http://t1.gstatic.com/images?q=tbn:ANd9GcTD0gr8OwaaTfP-pHlnlOmOmnETxtB3N3vvE22ZCmwzohXCGcSisFd7s5Y
pepperjack cheese,Dairy,http://t1.gstatic.com/images?q=tbn:ANd9GcSFkAfJvn3B__OFqQMbiDcjQtKh8br67VuMlOccifmKNVbjl8oEMWx4Uw
pumpkin,Vegetables,http://t1.gstatic.com/images?q=tbn:ANd9GcQr7_grT0JHWcN7RI-uBNchGnTSE0ZGTjDoVvhrgpRMis8zASaD92UjHr0
fig,Fruits,http://t1.gstatic.com/images?q=tbn:ANd9GcRPA1bZtMdARTtmuk-OHfxsfRiJjRUORxQsV1K6LCcuNbx7RI-NwewBZwM
bread flour,Baking & Grains,http://t1.gstatic.com/images?q=tbn:ANd9GcTWrQ3CQkoZ8J0fkaZJwx6OXr12w8S4W4vofD4glgaC4jCDsxxN8DGvKj6H2Q
italian herbs,Spices,http://t1.gstatic.com/images?q=tbn:ANd9GcQ354STF1hDMqkEctoDv7WfA89k1TnEZNdTIZlv4JK6IjPlHaxE_42XPPkQKA
chicken roast,Meats,http://t1.gstatic.com/images?q=tbn:ANd9GcSWktOIb9mjjx3njAatJBmCHVNpVqmByPaIZXiwKtSSJLwVgkxhcE74_XU
bluefish,Fish,http://t1.gstatic.com/images?q=tbn:ANd9GcS0vxvOln9RuojGI9OLPNcjEpzWRPE-CH8PMhCVrSverU2KhUyiuXZwjMBI
buffalo sauce,condiments,http://t1.gstatic.com/images?q=tbn:ANd9GcT2kEMHseresLnuWk6-0LBvaZKj43ZsEvmxbS1Mk8jOIMsuzXaml6MOknO7Vg
limoncello,Alcohol,http://t1.gstatic.com/images?q=tbn:ANd9GcQnHPaCzhVFpFSbKb9Gq5z3cOhy6PW03old8Fqpjm4gqpcoeHZ9MpYPrIM
peach preserves,Desserts&Snacks,http://t1.gstatic.com/images?q=tbn:ANd9GcTKgw9Lk6XVsD0s3AOGJyBnXH0BILe72g2wb4faPpv_2nx5Sw2sNX4gkU33
romano,Dairy,https://5.imimg.com/data5/EM/DI/MY-3052025/pecorino-romano-28italian-range-29-500x500.jpg
squash,Vegetables,http://t1.gstatic.com/images?q=tbn:ANd9GcRfSBLs5084SwqAm4UUW2-YiwsxBNGuADBIWpncb5aSB8_0ipH6oMWQh0CQ
tangerine,Fruits,http://t1.gstatic.com/images?q=tbn:ANd9GcS_j2UXZpPggNhm5Cxk1M7-DFl-L6drdonewFZHT83QaoO4m31jippRvKPj
croutons,Baking & Grains,http://t1.gstatic.com/images?q=tbn:ANd9GcS345NXsstDpgy-DFBN51qKWWlTCQwk1bgHyIvZKityXFtvVqQLJnuNpRA
tarragon,Spices,http://t1.gstatic.com/images?q=tbn:ANd9GcSajgOzHnMrRc_7iZRNBDu_wcibJv72e2S5wu5Es2-KAMbAyOKJR_NPfFX5aw
lamb chops,Meats,http://t1.gstatic.com/images?q=tbn:ANd9GcSwybFjcBWNPNd82WdaB-b2v4AaBs1Q4PLhX7WvH5Vzu7Og_nCf5XBlr5_p
carp,Fish,http://t1.gstatic.com/images?q=tbn:ANd9GcQR-8aCzOy3GZ39u_lU8t4OtLKXwjKlcMFooDXORnbIRHTse0kDYlpWjTA
french dressing,condiments,http://t1.gstatic.com/images?q=tbn:ANd9GcQYF8dIwHMXE9tGwGbQEoO5fLJ1aFxAwbAqtwIGp6YzrPqfg4rb51PoY2ElnQ
creme de menthe,Alcohol,http://t1.gstatic.com/images?q=tbn:ANd9GcSbi1YqLMGU8-xV8oqbHqDW0Y93pP7-E_ZLIfEQxF4UDlWQ44jg9jDcIZ5HsQ
cherry jam,Desserts&Snacks,http://t1.gstatic.com/images?q=tbn:ANd9GcQLSLqVOgJlWm7Z-22Cr0itQT5Ikgu65-e77Jqcc676RdlX4LpYJw_kMtk
brie,Dairy,http://t1.gstatic.com/images?q=tbn:ANd9GcRY_KjFFT7WONY3rW6uag8_o8IAsiGCQP5LTs3LrMxAddrNA3wj_W-xx3A
mint,Vegetables,http://t1.gstatic.com/images?q=tbn:ANd9GcSq7zAR2fFcAol7iBlsC2M0994c3WCHB2YFWBHgpqs-BGxbRPaCRQxm3Qc
papaya,Fruits,http://t1.gstatic.com/images?q=tbn:ANd9GcT51WcMRl3OSGhEdo4_U3DhfbeoN9FyAj98NuwpwQNz9naoRaoYzXrviPM
lasagne,Baking & Grains,http://t1.gstatic.com/images?q=tbn:ANd9GcR9wE10iNqw_zW-Uh0Itt-VjT9tIB7pWYG2hponKbLJPrc12sBffZNYhhcO
garam masala,Spices,http://t1.gstatic.com/images?q=tbn:ANd9GcRPiMrZME8_JVSuVaOqqJl4GQhCbK13USdoilEAzv9n2lr0D7Bm98KpxUqQ
pancetta,Meats,http://t1.gstatic.com/images?q=tbn:ANd9GcQsGFntPqfyb_4SpMGSUy4THo2CQijhORggJRRIHcZmhLWKv85CcFkvWw
cuttlefish,Fish,http://t1.gstatic.com/images?q=tbn:ANd9GcTpBknfxmwYGvfrdHk1kLU1DESHeLVfGMaj2Hp4uNQT4E4JT3gInBcQofE
tartar sauce,condiments,http://t1.gstatic.com/images?q=tbn:ANd9GcQO0EFnuuDyTjL6A9cdApCqBrxreAgSQOTa39MswSbevObRP2I_oto0KHRT
bloody mary,Alcohol,http://t1.gstatic.com/images?q=tbn:ANd9GcQHgkKt1zCYHf02-7Bvj8klh4ne3Y_bn36rh2zNENTNMD8-fyzbFbrIuX-8
fig jam,Desserts&Snacks,http://t1.gstatic.com/images?q=tbn:ANd9GcQq6U0addhfoy6YKAhchUyh47maxj3qfuRGLJuqlkJR64K6nmAeEZaFUDU
pizza cheese,Dairy,http://t1.gstatic.com/images?q=tbn:ANd9GcTlffwPdsjsOBoleWJFgxXaJ09tINwkfQ7bUWjk2YxF_zPT83orO1S5lw
scallion,Vegetables,http://t1.gstatic.com/images?q=tbn:ANd9GcSPj2xJ7fuRaH1wB8waeuQg9n3aJWAgezd7W-fKbX4zZVGv0l7u9CtFTGSE
rhubarb,Fruits,http://t1.gstatic.com/images?q=tbn:ANd9GcRWIgtkHp1kn0aWjKUYxUM2_iEUBixk1VGksiH4jYFBQfc7dZGXYJ8fKY67
pizza dough,Baking & Grains,http://t1.gstatic.com/images?q=tbn:ANd9GcQpOufQTm8h62mI5HUnp5mkHta8VUBG3xj8psf4J1Cwct5lEFn1gQIzPgc
marjoram,Spices,http://t1.gstatic.com/images?q=tbn:ANd9GcQai--JAmnPd3OaGgHKJ1vf7CyHx7VQyvtyZH70F3Yjod2NjTy9JRKOaZHI
ground lamb,Meats,http://t1.gstatic.com/images?q=tbn:ANd9GcQ1-zHQvQDAImLPh-VY-iUX6644qCIS0-CphL0wNMm1i-clyjT6LAfq1kxD
pompano,Fish,http://t1.gstatic.com/images?q=tbn:ANd9GcQWgYct1-kaUQAQLUYGeCkX0PuvzFC0RGhUfgZpddaheBVVeUhB1hpbnOQ
cocktail sauce,condiments,http://t1.gstatic.com/images?q=tbn:ANd9GcTydZ_ouyyksap4FY5Fy3XMEk6PmHx3BY-QpN6umXhWtLPUV2kxNTd8lxRJ
raspberry liquor,Alcohol,http://t1.gstatic.com/images?q=tbn:ANd9GcQvYgGm8ornmHAz8_byoNXi91c3wkv9yLRfatOki4ThP27MyISUfJQqsgWhOQ
plum jam,Desserts&Snacks,http://t1.gstatic.com/images?q=tbn:ANd9GcSpGLKNQ_XUme_mSBaoDt8hqzspWreeubXonUcY3bJU1PzqFGNvPHfgjsYNfA
ghee,Dairy,http://t1.gstatic.com/images?q=tbn:ANd9GcQjcgM7dCiAzXtq-Bf0_5T1wSfqPL40iKR5zM8y1sIzEoMn0FTRDUdO7zci
sun dried tomato,Vegetables,http://t1.gstatic.com/images?q=tbn:ANd9GcT-BPqjL-tdkG8YZ-p6R2GBsWvwbDjO1s2cYbXeqqfGYuSwd2ymakfy_qxY
sultanas,Fruits,http://t1.gstatic.com/images?q=tbn:ANd9GcSGqJRNUjrP-rdlxB3HbuSaJbNWSiiwQyb-4NSU8gbtbVhgmXEeGgOuUE0Y
bagel,Baking & Grains,http://t1.gstatic.com/images?q=tbn:ANd9GcR8CrumoBp8dDlCAjAo-yJAKCuGGSJF6dPrewrBCUAALILbyvzWADIFmQ
mustard seed,Spices,http://t1.gstatic.com/images?q=tbn:ANd9GcRLIYt-xsMbkixdu8OYT73sdNM6AKZeGftuyf4FVwq0xspuv-EYsBRFXW4
beef ribs,Meats,http://t1.gstatic.com/images?q=tbn:ANd9GcT_h-QrfHuL_Z3QD9D4SSNHCNxZel3AM6NBtTLr687je-t4SO5XWr4UW9qR
arctic char,Fish,http://t1.gstatic.com/images?q=tbn:ANd9GcSL9b2dpdGmMBfmIMavdCiuiCjvxxqTtqLZUgSdUlHpjd8Nl46VI1Kn7VI
marsala,condiments,http://t1.gstatic.com/images?q=tbn:ANd9GcQF0iRbi7OJ8bOl-iFblJYyAtMoE2rvGv_DMN6qiscgkdxF5Lj7xx-u5Xeu-g
curacao,Alcohol,https://upload.wikimedia.org/wikipedia/commons/0/09/Senior-Liqueur-Blue-Curacao.jpg
cinnamon roll,Desserts&Snacks,http://t1.gstatic.com/images?q=tbn:ANd9GcTiRCTUTD69y4WvUwDr358qYq3TEAgo1_TdulxTnCYGQRsb7809mceZN7A_
creme fraiche,Dairy,http://t1.gstatic.com/images?q=tbn:ANd9GcQ2Qrh5X0s1hyZ0CIIgK6cBfRDbAQASxZferIrsltazPbxBhVlE_wM9_se2
shallot,Vegetables,http://t1.gstatic.com/images?q=tbn:ANd9GcToGnrQ_qrLW9b-F5laF5ZXiRgZK69AGZxKtOdo9AotzSlY-t9lAlDoqlU
plantain,Fruits,http://t1.gstatic.com/images?q=tbn:ANd9GcQbkNIFRsktXeIzXL7G2q5Xdmz1Kr4qd6VRfv_3XoXekrowE68mlDx8nWW_
puff pastry,Baking & Grains,http://t1.gstatic.com/images?q=tbn:ANd9GcQrEatLznfcmlGWeecRLYylebPri2X7hynaht5zPuLU6ctFgPzJQCCmSLjCnA
celery seed,Spices,http://t1.gstatic.com/images?q=tbn:ANd9GcSGm4VUip9dTxiJp2ps8KukR1A9mYJcIyoJR6OXM0lzso1JupYsW8RdGw
duck,Meats,http://t1.gstatic.com/images?q=tbn:ANd9GcSBGiAZ0nlPqFbHWsTpAF6wvhLy0Pnsb4br9IkFCCLkQkQGNyCD54s8kkg
john dory,Fish,http://t1.gstatic.com/images?q=tbn:ANd9GcTtQDARjtwfkWM1HVjsewPHSyqcdKz5t59185x8AjKIiyi5JjXeHF8JFzw
adobo sauce,condiments,http://t1.gstatic.com/images?q=tbn:ANd9GcSrPpz0ZE7TFzW5zTg6Dkr59nl9up4o-hCs-iV5QWykeChQuRqv5E67_vM5qw
frangelico,Alcohol,http://t1.gstatic.com/images?q=tbn:ANd9GcQf5mLS1hKvQoW7IB87R71i1YRYlAqMsWOmvwM4l0RvFXhsF3g2gaZuStX6
fudge,Desserts&Snacks,http://t1.gstatic.com/images?q=tbn:ANd9GcRkVvIhUX56Zk3Sk-GTOw0d3EIMWd4fzJKvsJgTDR7uzNaW5yHzkKNLjpYZ3g
cheese soup,Dairy,http://t1.gstatic.com/images?q=tbn:ANd9GcQ-OvGu_VdopwEFMhImiUIt_XIIf7S1pglPAMU9u6g477UUGaITCiHDEv-h
eggplant,Vegetables,http://t1.gstatic.com/images?q=tbn:ANd9GcSMtzQ48_Ghb7cosslsdhNyFanhJfWgERECQLuys9hKTpq83oH2XKfj7u0
currant,Fruits,http://t1.gstatic.com/images?q=tbn:ANd9GcSDxTqJ2Fhfl2GcbZuWx-mDcdaHeixosRYJ5xVdegtNgfh7ihZaW8zwxWigyg
hot dog bun,Baking & Grains,http://t1.gstatic.com/images?q=tbn:ANd9GcS9PYMuGkQ6hw8UnoBiUbe0F8Ht2N6ZHfCr5Bdbkpjq__89uMNrGQhmb0-M
chinese five spice,Spices,http://t1.gstatic.com/images?q=tbn:ANd9GcQfqS7Ngc2lrdYhH2QvDqO5KyQpq5v4IGtEBfhPsb8D4GlI4JDwpFkBMT8
pork belly,Meats,http://t1.gstatic.com/images?q=tbn:ANd9GcQQLI82M_I-3aohM3DvUl8Rk07pHeC0ue1ePWzj-il05pYcd4Gc_40Vq4EC
marlin,Fish,http://t1.gstatic.com/images?q=tbn:ANd9GcRqgE-2yeTy-4jgjDSyT1m7AZX2qbGKxxvMKXLvrSylN81q4zwbfj-Kkw
tzatziki sauce,condiments,http://t1.gstatic.com/images?q=tbn:ANd9GcTP45icsEG2QFJcs_MVNpt7KfRb2f1EyWmNFzQpnyR-s_A0UlCY_DxWXV_L
shaoxing wine,Alcohol,http://t1.gstatic.com/images?q=tbn:ANd9GcQvC1Cs3cIJ0YiEIEpmCkFcUk2llqDJFq-3Ec6T_DyRvQfaSJrPcGuN7Tc
cookie crumb,Desserts&Snacks,http://t1.gstatic.com/images?q=tbn:ANd9GcQnID1UfFA4iClrJxrcUQrYhMB4htOUMUZX2J-_R-47Mw-_q3Ja3S8Jo0Y
gruyere,Dairy,http://t1.gstatic.com/images?q=tbn:ANd9GcQv_jg_I7y_FUhP4nyeNijHi60h5z4OJRtxZI9N03sAmCO9FVjsEFat208w
beet,Vegetables,http://t1.gstatic.com/images?q=tbn:ANd9GcRYON5Jc8c7jEzLKG7pD8pNAxLW_WOsuGwGNklGGhVPsAZHU8x1ChF7ifw
passion fruit,Fruits,http://t1.gstatic.com/images?q=tbn:ANd9GcQrURUcovQvBu98Vi3A8krm9ejZXrbsLjZ2aXcXQs-gS1qbVjtt-nh70qM
barley,Baking & Grains,http://t1.gstatic.com/images?q=tbn:ANd9GcQ24Xev00AgLvk7NsphLFW2SbLh38h0t7xyGUze6ZYFs25eXNC4ao9xZug
italian spice,Spices,http://t1.gstatic.com/images?q=tbn:ANd9GcS35rmr1-AGFyWiHRAdmDZimQpkaVODoYBhrlzo3f9ESNTv0h9nUoop6V3dsA
beef liver,Meats,http://t1.gstatic.com/images?q=tbn:ANd9GcQIjsFkBoW2LUTZBJuCMm78wewWl-CBYMaNsq8Y-pXSeaNAXT2gUtcb3N0
amberjack,Fish,http://t1.gstatic.com/images?q=tbn:ANd9GcQWUhivevCUHua7qLeOyrX-P7RlddMWuwW3ZmPV_A5eYlzk8X72gLUMonk
sesame dressing,condiments,http://t1.gstatic.com/images?q=tbn:ANd9GcSajGwWItKLgGKHhx7UTea54UFUeqHFDdrLszcVeiWEbVNz1VEs6zO7I3tq_g
absinthe,Alcohol,http://t1.gstatic.com/images?q=tbn:ANd9GcS6zylO-53Oy9MHfVkN-Yun9iFf9biwk98qLpvUL6DhnXuLbUwb_etlG6o
grape jelly,Desserts&Snacks,http://t1.gstatic.com/images?q=tbn:ANd9GcT1oTXvzYz5BEQwf6lDTx0i5OYkKjxEs1ZPK0kPI5bhF3UZKxyvbc8hm9s
pecorino cheese,Dairy,http://t1.gstatic.com/images?q=tbn:ANd9GcTlNx2F1h1HS5uVFH7kB-D2sA3zXOnuzDt6VHL1EsTfc7ASPds_W9SQQDln
butternut squash,Vegetables,http://t1.gstatic.com/images?q=tbn:ANd9GcTOrlwWaN7UID_2LQrQF9snPAGCoshVgLR2Ql6qlFVw_vJ-4rURdO8mfnc
guava,Fruits,http://t1.gstatic.com/images?q=tbn:ANd9GcQe9iz_4Ira-G3kVu9KeQDcuRdAdFqpQgYfxerxIKBIar2MP30kiv6WDB-N
multigrain bread,Baking & Grains,http://t1.gstatic.com/images?q=tbn:ANd9GcRm_szGflHKK8HKhXq9e5vetYwDlx7NMy86vtQWN_c0P5b9j1TP7KzJnQI
saffron,Spices,http://t1.gstatic.com/images?q=tbn:ANd9GcQHL1J9kp7q6Bs4EGoZqGJqwGi3TQiDsmW05hqT2t3T7BHH4HLmJ2Sab4-q
leg of lamb,Meats,http://t1.gstatic.com/images?q=tbn:ANd9GcTn5kiS70o_fv0TqdLqIduXURctXuytJwE4GsOIGBElLFGH_Uu4QyV83qjF
sturgeon,Fish,http://t1.gstatic.com/images?q=tbn:ANd9GcTDmVM5qK1BNk-gq2eJG47NWTEHtlh2ux-EzlFoPHz_rq7nlCy_DDLDcuY
ponzu,condiments,http://t1.gstatic.com/images?q=tbn:ANd9GcRuwS2FrXjCYlHvFQBHILXlnT-4JLy7wHzbzgV8tIayzvQrxPCh6ioebdY
madeira wine,Alcohol,http://t1.gstatic.com/images?q=tbn:ANd9GcRLsQnMfjQUlqwyF5bBMrTwMrMMcC1ACl2G64OjPWnWz4vDyxNKMLZHqIY
chilli jam,Desserts&Snacks,http://t1.gstatic.com/images?q=tbn:ANd9GcRPYE03w7QnDV1Ehi_Tl-Pu9uSfJhQ6ZjY2ty9KQSRjiIogEJ5G6ioCqEE
custard,Dairy,http://t1.gstatic.com/images?q=tbn:ANd9GcSlv1KrdoUmHxvpRtFjyfAHoxec8J9_5Ubeb7lTRP2Y3RT6KSHH463SQsJe
horseradish,Vegetables,http://t1.gstatic.com/images?q=tbn:ANd9GcSIfayvkEWoMdZfmTsa4orMkmIdWZSvgSSvWwvP9ZaUhGl5OPtSQKQQswwb
persimmons,Fruits,http://t1.gstatic.com/images?q=tbn:ANd9GcSckHXwGeLB5oooxHL02Evmr1_D2Bh0NKlGyzbutczCzrNnjT-4QtqP7TzD
potato flakes,Baking & Grains,http://t1.gstatic.com/images?q=tbn:ANd9GcTBAobB8cW_SPoZWUPZI2k_Zz4-D_JvSTAQYpJoR30ArYB7iTsXX1pc6Q
onion flake,Spices,http://t1.gstatic.com/images?q=tbn:ANd9GcRGa5FF1ZThdAonom0Td91gg9-XkouHOjDIjK3ZN_9t8UJ1FtWiP5olUy0nwQ
canadian bacon,Meats,http://t1.gstatic.com/images?q=tbn:ANd9GcQ8tEHdvazfgpcmLWFECcancLUwvtQV6nFuLQ_HBW6largwj9PTjMcZdO8OXA
duck sauce,condiments,http://t1.gstatic.com/images?q=tbn:ANd9GcTL0xh-d5bpQe7-PRKcReMXVYFjq_-3uSSUQn0ej7osMha_2RyBhVmVFDQZ
ouzo,Alcohol,http://t1.gstatic.com/images?q=tbn:ANd9GcRWjjiqsSuS_3qvgKOXvAQ9q3L68zZQQKkNCwDYjFaEWcWQeDPvqI7kjZ_b
lady fingers,Desserts&Snacks,http://t1.gstatic.com/images?q=tbn:ANd9GcTGUI1rhGpSiOQGM9IXU_BoC76IiqUkkOS4hJTSvO6JTvLNS9RTuGbQtVs
muenster,Dairy,http://t1.gstatic.com/images?q=tbn:ANd9GcSyTllpx8IwXqcJwARz6xhXKqV60ab8QAbvML5b4ZtwDFiTkYrwvMmWKWM
leek,Vegetables,http://t1.gstatic.com/images?q=tbn:ANd9GcTRgdICAX1XOuSKu6mij21PeD0bsxoq2mMixjFDLbQixIdbZRBdJG0BBWs
lychee,Fruits,http://t1.gstatic.com/images?q=tbn:ANd9GcR97fTA6kjmb-IHnmfg0jwHEECmbotw5Hiwx8bp93E9oBcsuq7N_1pJI_M9
pretzel,Baking & Grains,http://t1.gstatic.com/images?q=tbn:ANd9GcSpAFED8g6HJgcui8xlh0OGCc7M6ph_r4lwe2i9PNtj9HvbraoCDZpQRBSZ
herbes de provence,Spices,http://t1.gstatic.com/images?q=tbn:ANd9GcRbedWHi6WJVtUeSUDdc6_cJLQvRDHqczpnfyl1XJQECeW4xOAOfse_Up9Zvw
beef shank,Meats,http://t1.gstatic.com/images?q=tbn:ANd9GcQnhuEl9YaGgi0t6KEku_1ZeSvOADmjTtL9-dSLON_2itM1eLfjtNrONA
pickapeppa sauce,condiments,http://t1.gstatic.com/images?q=tbn:ANd9GcSkpAUU12xnypUETELuBU40kURpT5wjr-JGLFRckwPGN99zjtUlGpR5bWP9Rw
anisette,Alcohol,http://t1.gstatic.com/images?q=tbn:ANd9GcQP-2fZtWCYnqjVVY6cJ6rXBCfOAtUXwMKbA0lnmx6fvsxEgk3pm1KH6QQ
black pudding,Desserts&Snacks,http://t1.gstatic.com/images?q=tbn:ANd9GcRXWr_LNraBkI6dx3wXtyhoq_4oKwqzuONS9TAyW49CN-JugzE6KMYpQjss6Q
queso fresco cheese,Dairy,http://t1.gstatic.com/images?q=tbn:ANd9GcTXuZfx-b5fCNxCiXdcXciZjDSi4nte6ID_fZsRJ6n6g7Fjrrcp-UVfblw
caper,Vegetables,http://t1.gstatic.com/images?q=tbn:ANd9GcRckc9Q0fZ-3xMYcMJesh18QtwNSWKiIZ0pPHVPxllTZQ-m6TitcOpEKCZu
lingonberry,Fruits,http://t1.gstatic.com/images?q=tbn:ANd9GcT6aOVc5HLwB7y1vcDg2ViVlWgZz5wpiZS2DROCt7Oks3gRLZE8wCK7GEE
cornbread,Baking & Grains,http://t1.gstatic.com/images?q=tbn:ANd9GcTAnRBPX2v6v-PlnHXPv6FFTzWjN9O3AkFns0UXISh_7dGm04XOx2u7YrXd
chipotle,Spices,http://t1.gstatic.com/images?q=tbn:ANd9GcQ_Qj75yBm12qWMm5zhfFouRO0b412Xu0ul0-lysznDzakPhdEEOsaDPurL
veal,Meats,http://t1.gstatic.com/images?q=tbn:ANd9GcTDTPSfrh4stZA44HN-E1I50-yzZLo7eIXE9osaRhIMVyk8mBbAOpezzySz
yuzu juice,condiments,http://t1.gstatic.com/images?q=tbn:ANd9GcSCtRoMHJFvDr3RmOI8Ss5UEFevfG8M2PLlsUNjHMHGg_R9eMoDZCusjsI
grappa,Alcohol,http://t1.gstatic.com/images?q=tbn:ANd9GcQyEKLYJ8cimS6SJI2FUkgLUxK0TNDevOI5Q9LKfjpUWc-rOTDLkEE3DhE
chocolate wafer,Desserts&Snacks,http://t1.gstatic.com/images?q=tbn:ANd9GcQwYd4GUkbdPRBaQrM2AW-zq5ZSwlQyP7bv_Zfu5F-9cZ0mowMYfWT1q18V
hard cheese,Dairy,http://t1.gstatic.com/images?q=tbn:ANd9GcR4OW740u4-fHVKk_TFtHwRg2x3f4JH9To1i-eZggHgmCR6LCnQGNoRJzaL
brussels sprout,Vegetables,http://t1.gstatic.com/images?q=tbn:ANd9GcQVOhiJOiY56_irWWCn40FPBH7PXDbRmnF0Lv1Pii1r7aPRo0az1SHD2dM
tangelos,Fruits,http://t1.gstatic.com/images?q=tbn:ANd9GcTq5n8bubxa4SSkCiHPsvIieGbuGFKeGjoiQ4zy1lhRKhxseA-yYbB1WVEp
english muffin,Baking & Grains,http://t1.gstatic.com/images?q=tbn:ANd9GcSDh96WeDXF5xcUPq33FvcJ4z7Yw1NUclntatr9yhGMp3fO5VcsK_qv3lUXvA
dill seed,Spices,http://t1.gstatic.com/images?q=tbn:ANd9GcT33cyUrYP2Vb1iXOpID_ueUxgS5AZz5kz8WAe4C5bVFiMSQkO-SGTcvyfw
chicken giblets,Meats,http://t1.gstatic.com/images?q=tbn:ANd9GcTBYpkm5ZlYhPU-ZHj8K-DfNpCnDOcyOUXpWzWwGDYBNYEaxL93OjPovngM
cream sauce,condiments,http://t1.gstatic.com/images?q=tbn:ANd9GcTYioWKoTR-BPkwf9D3BpGBhk2X3O0Jgf9ZW1OvlHtbfniNX25fcBPsf0ix
ciclon,Alcohol,https://www.wine-searcher.com/images/labels/16/24/10931624.jpg
gummy worms,Desserts&Snacks,http://t1.gstatic.com/images?q=tbn:ANd9GcQ_4k8PMe_lV7-NBrtTKgkmhPOKH_VU9g1Pyvv4I0heLCzCASjih0M6KjsB
havarti cheese,Dairy,http://t1.gstatic.com/images?q=tbn:ANd9GcQZ6sNDinVtwW-gBfmPzV6TDHmi5v5NTXjtOs1yCfapTYSh0L3P8iEOQOU
artichoke heart,Vegetables,http://t1.gstatic.com/images?q=tbn:ANd9GcTmqbpKgdZRDDhuAAl6FLG39KugdvilpUbHgU6VYrA2f-7bYgVpavzNwB4
kumquat,Fruits,http://t1.gstatic.com/images?q=tbn:ANd9GcS48agYBp1ORrKa8JAsLWvr-Czr6IMriFVynyj7LcXv1E27CXnn15wzx9c
cornflour,Baking & Grains,http://t1.gstatic.com/images?q=tbn:ANd9GcSMHfhfCpe4UHugZR8OdxqJrubp76eSGPSaIIEO4CE4nMq2tjaAl3mBOGqjZw
fennel seed,Spices,http://t1.gstatic.com/images?q=tbn:ANd9GcQsoJ2sIJ3B-W-gvwkA8WZsFrD1MmgUBJfN8mR8vBCpF6K1A53CLl7ryJxsUQ
cornish hen,Meats,http://t1.gstatic.com/images?q=tbn:ANd9GcRU0bdSy7tc3oQ8Jm00mGBDuV3DYkrzG413iYHQY5OZy_Y21x-p4FOJ_sGi
drambuie,Alcohol,http://t1.gstatic.com/images?q=tbn:ANd9GcSzuesak9oQa9cg8-9PiMRfeq0VFWYdz6pV-GPUCHhBioxkVzw9A5SHe2Y
biscotti biscuit,Desserts&Snacks,http://t1.gstatic.com/images?q=tbn:ANd9GcRzd5h19bH8tCUIMAoT4WGJZVgQ8RvSkwChprq11_sSFPz-kzIJBMeStS0
asiago,Dairy,http://t1.gstatic.com/images?q=tbn:ANd9GcSzXTpIBxGDBgUd9ByuryUOsqoAC5hDGVnqLunGDXt3Eqj-W2KVu8dXREE
chia seeds,Vegetables,http://t1.gstatic.com/images?q=tbn:ANd9GcSUURgzpnqOkHxGKq8sGOOkswk_xLC5UASnPOxdfJp-izKsSIKbUjskXFjp
boysenberry,Fruits,http://t1.gstatic.com/images?q=tbn:ANd9GcQ2dADDUh9Hg2JMFnQyEOTji2dCWt0J9tEMlN5IvFfHTK8AbXtb04dDRJhh
crescent roll dough,Baking & Grains,http://t1.gstatic.com/images?q=tbn:ANd9GcQNOkiGbMY830XxVhdg9Zc6eZ7MtaD2c-M8VBubK43yloAerXs8cjica_c
caraway,Spices,http://t1.gstatic.com/images?q=tbn:ANd9GcQP7X3obrIva6Yz3jcFwvvU3Hf43nQ-ztVz_nWRQXbISgUIPvneTza4iQ
lamb shoulder,Meats,http://t1.gstatic.com/images?q=tbn:ANd9GcRkVr1cGfBS0AbVoCtFp-pnMOTpqhbWr5n6R6NVx8LMUV7BtyfLxJYSwdE
doughnut,Desserts&Snacks,http://t1.gstatic.com/images?q=tbn:ANd9GcRLO4UUBAEEziyB039N3A_2GyLrTfe6ZZelvf92sbSGwzOCVbqsgXCtrd0
mascarpone,Dairy,http://t1.gstatic.com/images?q=tbn:ANd9GcQKeVC-dQb6oYC4zxpe_TZbTg8VKFD-AIUfOg8CyFpKgD6XUiVN1YId76Ph
radish,Vegetables,http://t1.gstatic.com/images?q=tbn:ANd9GcSZ1UE530jV7LYV_79LiWtKe8NYeDqkHQCmoPq1zadMjhoKt1Bv5QHCbI8
star fruit,Fruits,http://t1.gstatic.com/images?q=tbn:ANd9GcTzT3uuNqxraRptaHhHtlulupVSpPR47NZ838Sh2_xcQ7tcU95ZQy_doc4
cream of wheat,Baking & Grains,http://t1.gstatic.com/images?q=tbn:ANd9GcQq-Xjtxjt7CEd5A87xFnD7OCvKt9jUK9bic6v1Ee5L0iDsDU3M9aLyxc8
cacao,Spices,http://t1.gstatic.com/images?q=tbn:ANd9GcQpulGlzyJUbpiIAaHDpdo4XxbEfgycQ0kEbagWQwDL6QTl_59ZX6WokHGQ
lamb shank,Meats,http://t1.gstatic.com/images?q=tbn:ANd9GcQYxvFyhfh1haJmqPguFiFOv77KUJwbZ5h_H1Dg7EqfClVQhmO9LDAleDaF
amaretti cookies,Desserts&Snacks,http://t1.gstatic.com/images?q=tbn:ANd9GcQ10PE2YBwBBsxhvUP6EpfaiHmo2KhFr0jA_g-sp4ZmiofP4Un7sBeLTPg
neufchatel,Dairy,http://t1.gstatic.com/images?q=tbn:ANd9GcSuQcyNGU_djzhtJYoIhZQXwbHh5z9TBsYPiMzTXFKruMpbiBcUnA_fZHLc
sauerkraut,Vegetables,http://t1.gstatic.com/images?q=tbn:ANd9GcS_nR1Ntpf0g_aW6vln83pKANaqt66HTtpuO6gtQZcZnGEfsB-JYiX-qow
quince,Fruits,http://t1.gstatic.com/images?q=tbn:ANd9GcR7R3EvtAbQMiFzi8NW8mj9Da85kYrhe6ZNUFuGLub6htcpkYW4tNXdOVs
coconut flour,Baking & Grains,http://t1.gstatic.com/images?q=tbn:ANd9GcR7T6GcyOxLF4_mTJnOkunl8xm8VMTr-1m_S8oyszlbfaP3admRyIhGx911
star anise,Spices,http://t1.gstatic.com/images?q=tbn:ANd9GcT9dK4K6yyny3tJBdq9u4mCLLFcWhjArphRKxghjgVmxNx_C9uYgBJXSJfZ
deer,Meats,http://t1.gstatic.com/images?q=tbn:ANd9GcQHpqvUQf_Tl1ASapvqjMdYsry1k3ovjbsaRCyQRFt3KazfhsMwIO-tTT4z
apple jelly,Desserts&Snacks,http://t1.gstatic.com/images?q=tbn:ANd9GcQhmOlNLiZaYBl8_hd1HIQ8DDE6IbOPx_XjObvcbnHzUCOCYLiPuIxaOKk_2Q
halloumi,Dairy,http://t1.gstatic.com/images?q=tbn:ANd9GcT4zPKHIORdC7BnsA1sbTzlqDycHaESE3Nl4AVH7CuMaovcBLJy5Hua40UG
artichoke,Vegetables,http://t1.gstatic.com/images?q=tbn:ANd9GcTqDfKOkqaxRh6IF7pvn1RsymMo6k2ze53wAHr5ZUPMxKakLfPg19OnpyY
honeydew,Fruits,http://t1.gstatic.com/images?q=tbn:ANd9GcQtOTbSN3pcjHOgCL82PFm2Ru3P2L8PR99TT8t4mS0OQFjgEoTBxtde6nYg
pita,Baking & Grains,http://t1.gstatic.com/images?q=tbn:ANd9GcTAtU_9v1PT7mdNZcfkDG9O3kDMnZ5QcAjphrveTxR55XqZjw4nHq2V-dDg
savory,Spices,http://t1.gstatic.com/images?q=tbn:ANd9GcTX8vGn_HFREnx_IOoBOSgqgwx0d91RcXFxULE2OjGUTptMufdlxGvH7nw
ground veal,Meats,http://t1.gstatic.com/images?q=tbn:ANd9GcQ-3ChR0IFLGKyZrgnYngDLZkUxgP0pFMwdhy0-LNZLnMAhfVxH1nW2044
red pepper jelly,Desserts&Snacks,http://t1.gstatic.com/images?q=tbn:ANd9GcQyG0otnrIC0ulAOpWNeyEqwJDQ8iQm9Okb0T7kx9zLxrccja6wjGoi-ot7CA
paneer,Dairy,http://t1.gstatic.com/images?q=tbn:ANd9GcR3nXZwPxyk72pRLZzkbFaDVMT4Wp4UcAlAugznX7A9Doj7IROJF_1KTOFrfQ
portobello mushroom,Vegetables,http://t1.gstatic.com/images?q=tbn:ANd9GcRsWZAGWl-PqlOcMB6bksXImQx9TgEZR9U1i8U3mHHiB00gTdyU40DGdVc
crabapples,Fruits,http://t1.gstatic.com/images?q=tbn:ANd9GcSHsOiCwPvhDuJXTGtvdZPEfwnjW1E4WlvCG6qp3_zc5M8XwMeHdTWDCTWv
risotto,Baking & Grains,http://t1.gstatic.com/images?q=tbn:ANd9GcQBI4LGjA1P3xrphwrxRTV_rSQCQkN9IhDCO_pLEo1oxXJO1cE4y6QtwiEU
chili paste,Spices,http://t1.gstatic.com/images?q=tbn:ANd9GcTrlWZrubP2bi24jGLw7F7C5Eb344pqKR9oJ1mb4E4a8z07H2RNg7JBAA7lrA
pastrami,Meats,http://t1.gstatic.com/images?q=tbn:ANd9GcTzzjbChvq3AcJWtUACVIXvEjiVGKBJMVn0eVyNvkMBKHFU6URu_UYdkL8s
orange jelly,Desserts&Snacks,http://t1.gstatic.com/images?q=tbn:ANd9GcQxt7DTssQYSmo6bH-0y9x6XebTAX6a_D_f_-OCWlk9COG2n5YO6eGK0Wgr7g
brick cheese,Dairy,http://t1.gstatic.com/images?q=tbn:ANd9GcRSuWaiHhpcC4_f7YRKvHqvfqTwANI5alGp9zWbVKLlH42IrBD47WjcIKkP
sweet pepper,Vegetables,http://t1.gstatic.com/images?q=tbn:ANd9GcTpqBHonnKstqe7UxV6d_sXP0FrPifF0x_i85-ZkyWzjGMQmbg494RXovY
muffin mix,Baking & Grains,http://t1.gstatic.com/images?q=tbn:ANd9GcQpFtEJeYWo34g1UOd0hoN7ejQXXeBRizxi_ULb58-nVRJdbFZF3fqjTVSH
tamarind,Spices,http://t1.gstatic.com/images?q=tbn:ANd9GcRikB6kwrCpHdjem_JX9UPGeBqWLsh9PNME-hfF1FUzw9j7nYuZpT-jYsPp
rabbit,Meats,http://t1.gstatic.com/images?q=tbn:ANd9GcQgzj-zUckp750h08GhCuKEyb30kzRKZisSfkdiJlyp9nAKNdeIOoTMS0I
jalapeno jelly,Desserts&Snacks,http://t1.gstatic.com/images?q=tbn:ANd9GcS4HUMvBLJC182zeVR4ddQmc1C15cEwKd-Ft_ylTZuQjiLifFhzijNjnxcg
camembert cheese,Dairy,http://t1.gstatic.com/images?q=tbn:ANd9GcQ_mOMF4tSzkt77Z5A1wp_2ppioxLIpQ3Vmg6BCJGeJ-8Zilg_sC0Y8D1Vi
arugula,Vegetables,http://t1.gstatic.com/images?q=tbn:ANd9GcTfbTH3Oc0nRgVKMy_Mjh4U_Hx7gHzz-54IL-MSjd_1qSZbiEdu7-q8tp0
bicarbonate of soda,Baking & Grains,http://t1.gstatic.com/images?q=tbn:ANd9GcTZ96js5gHyJ4WvbMTojXoiCzEbfNI3H8sA-8NkhkloTlldnnhkkggACNMPpQ
aniseed,Spices,http://t1.gstatic.com/images?q=tbn:ANd9GcQlkdnAG3HbLZ5v1CzWs5D287A4CJa_GsuDv_m4ejx_m8tt-JvNCFqhmarjcw
sliced turkey,Meats,http://t1.gstatic.com/images?q=tbn:ANd9GcTc5GDHjBXuqLoqv6vlK5NUOBjgYGKp0RRsdOIFXhzXy8Kedpy7QCbTpjca
mint jelly,Desserts&Snacks,http://t1.gstatic.com/images?q=tbn:ANd9GcTyDsI1JqrziLrTYzWfXs-MXfGLEKdFLu-C1aMxXxBPfvCfcEYNT4uQLQ
goat milk,Dairy,http://t1.gstatic.com/images?q=tbn:ANd9GcTwAiYpmSlUx-OEqVgJXAIgtJDlu3fS6I56L-T7dP5kBsI83yNULnpYfb7D
spaghetti squash,Vegetables,http://t1.gstatic.com/images?q=tbn:ANd9GcQ9tnONc5E_enbysaWNBWMEQ09CMvtnlPgwOkiM_fiZR9HqXoiWSffMaP_U
ravioli,Baking & Grains,http://t1.gstatic.com/images?q=tbn:ANd9GcSdCYn2RUDiWxlqyOpo3cIVEUBv99f5JRw7K2Pp_e1CusZm8cq_XHf7LEiS
fenugreek,Spices,http://t1.gstatic.com/images?q=tbn:ANd9GcSGgi14U5qrfQNs8Po-UrsSrZiFzWL8_Nx8nXVJShIUXJ6TY4vGJ1lRUA
pork loin,Meats,http://t1.gstatic.com/images?q=tbn:ANd9GcS3JbZnAe6u-KiFEukSfXD6K4rKxPdL511Z-nR6q1pYBpKIqL2McELLHNx-
currant jelly,Desserts&Snacks,http://t1.gstatic.com/images?q=tbn:ANd9GcQ1wJpRfrwWXHtmTUXsgpB_mXd3RyWTZiTS4LLNLii4HWIcvMjdisQ_pqPP
garlic herb cheese,Dairy,http://t1.gstatic.com/images?q=tbn:ANd9GcRkPBnHuOt0E5MA0Kighhx0TmsEaMOoWizJ9ztA705o6-WDZN1QL9VOgg
capsicum,Vegetables,http://t1.gstatic.com/images?q=tbn:ANd9GcSVJm7X8rrymEHm8B2DajToHuzN_sPQni1BY6LLmMWoRDNlXKR0L22V42u2
wheat,Baking & Grains,http://t1.gstatic.com/images?q=tbn:ANd9GcQogXT6P_70no-TuFfw8xyN6J8-dKPUEwF7_dLskBh5Vz6nocQl1VQoxY8
lavender,Spices,http://t1.gstatic.com/images?q=tbn:ANd9GcS7Cb8vNqrhC-SjC4GH5RtNHv6eY7HKjeeHEM2ZO-mLiiAB1MkjIC_RL5fP
elk,Meats,http://t1.gstatic.com/images?q=tbn:ANd9GcSqpQLPnlWeHubUT8zHimotpflonM0aAuQQKH5nCNwlWUQQUvOOItevimA
lemon jelly,Desserts&Snacks,https://i.pinimg.com/originals/48/49/43/48494354f06bd4f45e658edeccc286d4.jpg
edam cheese,Dairy,http://t1.gstatic.com/images?q=tbn:ANd9GcRCuBdKXBWIfrDxbIFu7U-Wo8TegKfnEh2fZPTBV72uP4To41z8XRf3chI
bok choy,Vegetables,http://t1.gstatic.com/images?q=tbn:ANd9GcTJdxHp8XFwwQqFQdH-EeH3c5j2YeyD0hO5ePZRoswdYgvEmsgrSgemUYja1w
rice flour,Baking & Grains,http://t1.gstatic.com/images?q=tbn:ANd9GcRqc0yWFpy4DJSj3Ax4P9APnXDEdTlvvm-FoGAt0oR6P0CgmW_pjwPK6n89
old bay seasoning,Spices,http://t1.gstatic.com/images?q=tbn:ANd9GcTlW-NqCSIvs22-CI_1rRY4VBtBHepZr8TrtTfnY9zQ4UU5zPsFJ9XzAGA
beef suet,Meats,http://t1.gstatic.com/images?q=tbn:ANd9GcS7KZEZdNb4QHiJOEVgL1_gQL-LKo2ZZ8hL5woPZWx7j71kItg_R0DvPAE
quince jelly,Desserts&Snacks,http://t1.gstatic.com/images?q=tbn:ANd9GcTlrlQOtI-klpWZ3PdM-ugL3YmeMnQLw2f-QPgGXMWBGMr9WOJbn8LJcnA
manchego,Dairy,http://t1.gstatic.com/images?q=tbn:ANd9GcRA4p_UWYpMbMWdmjkkxGutcNdvc03ctCLLRo70rLc1Vx4Cr-1yU4mtOZE
parsnip,Vegetables,http://t1.gstatic.com/images?q=tbn:ANd9GcTcJKycScKWuLZdPxhPDxpCzApPRtbCpgPS1d9NATN3WNCEJsgB1_CQQbPV
polenta,Baking & Grains,http://t1.gstatic.com/images?q=tbn:ANd9GcT_fmHwDQA6OGHewgGU7NrcqeQShOmkw7z6sYt1y0ZJ7djquIwX5admfh5Y
lemon balm,Spices,http://t1.gstatic.com/images?q=tbn:ANd9GcTYPWUNy5UilwVmsRDrLkdBPztmseaHqmYmZ8qN4mwQNOvBPz7lv5PW7b5a
veal cutlet,Meats,http://t1.gstatic.com/images?q=tbn:ANd9GcTNuUlFQHlUUv7KDgsaNF4t4AIIyyTQepsbgoaGrAO70CJs5dnBEMBb3JjXEQ
fontina,Dairy,http://t1.gstatic.com/images?q=tbn:ANd9GcRbUPU01DH8rrYmNCJGgknHF69SNP_F9wGNpRYOgaigQZtMr8IuwaGrtAA
okra,Vegetables,http://t1.gstatic.com/images?q=tbn:ANd9GcQ8YVolc0jMi7sq-xhP9aCDDNSNaUYxXBuSxEqgwiMW6iJc8eHhNzlhFxA
baguette,Baking & Grains,http://t1.gstatic.com/images?q=tbn:ANd9GcQawOgegNnWOtztNncATvKmQ6bdV2kke-zQ0jIm_Vv5zkvOZZd2UX6WIvY
lamb loin,Meats,http://t1.gstatic.com/images?q=tbn:ANd9GcQ5EhdLImW5pL7lzuqtfT2HW1clavzUFmT8CGy_WNolk692uCBE6KmkgaJphA
stilton cheese,Dairy,http://t1.gstatic.com/images?q=tbn:ANd9GcTi4Wv-ZBovnSZGdgZISlOlLG4IqXV98QDNezxoB8s_TQvuvXZrBR8RL-UJmQ
yam,Vegetables,http://t1.gstatic.com/images?q=tbn:ANd9GcSMbvU7I9gKzxk05Wd7uANa0tWTtTSa7yj0H0_F9E7jIvStMe1k9J80mv4L
gnocchi,Baking & Grains,http://t1.gstatic.com/images?q=tbn:ANd9GcTKENjpbLDbr3NGWaFqVXGEcRTsKueuKDTkfXUAsmaTDi7Pbb6R5qB8-DI
marrow bones,Meats,http://t1.gstatic.com/images?q=tbn:ANd9GcRP67UbvrkDE5Z3AzJoPWHdJ6VrqnS2h6OKVvcNEvFBnBJsDAHOChS4INi5
emmenthaler cheese,Dairy,http://t1.gstatic.com/images?q=tbn:ANd9GcRIZ8htt2bW-ZuQohF_rTDto2kY0yPWvkU2iU87Piv4gchKrHDB0a6dl7U
fennel,Vegetables,http://t1.gstatic.com/images?q=tbn:ANd9GcS5rEN-9ObZc_aolsGr4NskaVL7VbCGISNL482vthh568P_t5tFBxAFLODB
vermicelli,Baking & Grains,http://t1.gstatic.com/images?q=tbn:ANd9GcS1MzKKXR58zcJUQQ1nhsoi6UubvvUDs577AhKpBkloS30Uv56rkF0hzSY
goose,Meats,http://t1.gstatic.com/images?q=tbn:ANd9GcSn2oCXNkx5-mj7gqG7rotptX9S23b_9p2aUWPwzIdsu5pJPMmPGW2epDc
red leicester cheese,Dairy,http://t1.gstatic.com/images?q=tbn:ANd9GcRMh6sAwT7OtgbE_pfBD_HRJ9jWQzLfEU_awiNl89hlt5ajQg3Ad8DpQcD1
turnip,Vegetables,http://t1.gstatic.com/images?q=tbn:ANd9GcQu8zsAlfReItoseQvFscZnGFcF0kAQQJSyK8RcbntyVJNo5X7e6HiciK8e
semolina,Baking & Grains,http://t1.gstatic.com/images?q=tbn:ANd9GcRbt0849uYthk8-SdJih69onHp_yR3cM_aQCJUBG7x-nZhqAEWodN0WVcvf
chicken tenders,Meats,http://t1.gstatic.com/images?q=tbn:ANd9GcR8aNeM-qDv6Po7KMBafZDVzGIWY5gjGgALLvl_2FlPCXVo_nVuv30YNM2u
jarlsberg cheese,Dairy,http://t1.gstatic.com/images?q=tbn:ANd9GcRZQtwzItSMdivMds3iinmieIeBI15FMVVpcxzOUPA7sYykefHSpsJz7Qif
snow peas,Vegetables,http://t1.gstatic.com/images?q=tbn:ANd9GcRdCkieGX4b920PPOgumHKvLYQgIu9nqaTAmfZs_exdf33jYq09ZsLLIy2T0w
wheat germ,Baking & Grains,http://t1.gstatic.com/images?q=tbn:ANd9GcTYjWrWzpNMAVbE-rmTdcXKKDxWOSsf4W6VTCyp8l9JcJi-SCKBVSrCRB54
veal chops,Meats,http://t1.gstatic.com/images?q=tbn:ANd9GcRwYFysqEd0jgcOcsZYTZpnN7baPQ9fOJGBZ6JHmzm2wzLw-UmeaUKcMiU
bocconcini cheese,Dairy,http://t1.gstatic.com/images?q=tbn:ANd9GcQxssAbHq_QO4x8IINkRB-PpOmpVBLUc4DkRKJxCqUuWCEAI_GgxXfjQyM
bean sprouts,Vegetables,http://t1.gstatic.com/images?q=tbn:ANd9GcT64Z_nAWHqYwwgzJSTsGd-8Vm2l2HSa3Haebi_qWR8wVbKxvZ5-SiuVS1i
buckwheat,Baking & Grains,http://t1.gstatic.com/images?q=tbn:ANd9GcQuG0Q7igqokIFR-rsGlYJquR8tyk6hOR-kJsafbchM_w6ZuurrRvl7bT0
quail,Meats,http://t1.gstatic.com/images?q=tbn:ANd9GcTC7bppNSrlKsDRmoER7IkmXwmRuxpQwX4se1k0mbL6KNrT3HN8mSiwT-sC
farmer cheese,Dairy,http://t1.gstatic.com/images?q=tbn:ANd9GcTJi6vXpveC3MS8KZGIYyZtVYCqNDM-sg2eK7DIprNHnCbXiHZa0uXlujMK
seaweed,Vegetables,https://i0.wp.com/images-prod.healthline.com/hlcmsresource/images/AN_images/benefits-of-seaweed-1296x728-feature.jpg?w=1155&h=1528
croissants,Baking & Grains,http://t1.gstatic.com/images?q=tbn:ANd9GcRPTXfxdqNuLW-ToK1EJ2DB0V4KGEwX2bibUMCZmRXHmYPzL4dKj-hDa_ko
oxtail,Meats,http://t1.gstatic.com/images?q=tbn:ANd9GcQd_jZHdNAU0Nin5v7h50_KXISkIUU545SexSG-pMoZLt5ni6YTmRmpzG4
creme de cassis,Dairy,http://t1.gstatic.com/images?q=tbn:ANd9GcTczfjR_brlRK439OEx7jyXSg9AEmEWKkOni29GwUJEesQ_Qo5bCNAQawg
chard,Vegetables,http://t1.gstatic.com/images?q=tbn:ANd9GcTC5tBpjgy2Q7N_1z-H5_eYR4riYDNfqcUKn7mCH3dLCnYysXWcAaixqn52
bread dough,Baking & Grains,http://t1.gstatic.com/images?q=tbn:ANd9GcSPVsizCM3k4YbTcBx6tdCLDNcSx-WgK2v7Cuoc19MzXx_WYNtINoHo7NhF
pheasant,Meats,http://t1.gstatic.com/images?q=tbn:ANd9GcTFU2PxxyySrp2F1jBTIO3Mla-n4-UscWvq4e5y1fCk4FQjMBMCEoawKVp3
wensleydale cheese,Dairy,http://t1.gstatic.com/images?q=tbn:ANd9GcTdiYVxapXU3iX2nq4DYSu9_IIJBmZnHXHciv_9gWO-B0wfbVsqvPVQKEtt
collard,Vegetables,http://t1.gstatic.com/images?q=tbn:ANd9GcRxQt-AJvt2jH_BjVNPoy6Oaz48PKXOFpQt6AktrEX1-3th3QTEqCnvoXXP
filo dough,Baking & Grains,https://i.ytimg.com/vi/Ams-Sb4l2iE/maxresdefault.jpg
lamb liver,Meats,http://t1.gstatic.com/images?q=tbn:ANd9GcTKcoyo5OWLkxz3flDl3x9MO4BiETg7xys9IpcWgQ_CYchH93VLRiqhk7A
longhorn cheese,Dairy,http://t1.gstatic.com/images?q=tbn:ANd9GcTG85D_d4j8C16uBK2FlfuBh_Bolzn768wSHHbM8da5iDMKli4VYoOS3aSu
canned tomato,Vegetables,http://t1.gstatic.com/images?q=tbn:ANd9GcTLJ5yEUa-tDeS1conJz3gXVEClYCROr6_T14ezsx0ZwjbQpPY-4BxWaHGh
yeast flake,Baking & Grains,http://t1.gstatic.com/images?q=tbn:ANd9GcRDyJBHea0FRIsIeP-n0nvOrSyvTtOq3DLIFcIbB-SvUVaPkWZlkwhEPH8u
moose,Meats,http://t1.gstatic.com/images?q=tbn:ANd9GcRcoQKzdnerp-I0bUNYMmo3iHcYOFmTHlCKXBnVdZnLsSGbAUdQjTgFoJ2f
double gloucester cheese,Dairy,http://t1.gstatic.com/images?q=tbn:ANd9GcQmxEyK0QrW7rIX98V0ejJ_JfBW8BRR4KryH3YYRZksqLwMofgMWxYszr8
pimiento,Vegetables,http://t1.gstatic.com/images?q=tbn:ANd9GcRtD1nZnN4mo2hcLgOw2XAhJCwnosUSZ-w_zdUISfgQGHe3imtZbGxZgrlj
pierogi,Baking & Grains,http://t1.gstatic.com/images?q=tbn:ANd9GcQfwdNSzVTP9iRLO90Sz7ucf_nUv-J_NOkWgMEKsWB7RNcrtxR4K7qiI2iU
turkey liver,Meats,http://t1.gstatic.com/images?q=tbn:ANd9GcTE-aIH0_YVZhL84B4EptMuWG7x1vCKP3_uPIk5AamI-Y_aHBMe8eq0GZwd
raclette cheese,Dairy,http://t1.gstatic.com/images?q=tbn:ANd9GcT7ZC_YNHNxwJirbffp5IWULCuQ0lg-iW7O13O1SRXIrw1HgZrfrvRTkU0
watercress,Vegetables,http://t1.gstatic.com/images?q=tbn:ANd9GcQJ3wmsR_0jaBKuKj7euipxUs5lwRr8BSL_5dezR9j_pDvsImFCymcnuxI
matzo meal,Baking & Grains,http://t1.gstatic.com/images?q=tbn:ANd9GcQdPi7hFeWwZbNVzb0KjUXbXVQ0zPFI1APBGg23kT19QFMMuAMC-oy4iM8
pork liver,Meats,http://t1.gstatic.com/images?q=tbn:ANd9GcQKztfc-u9IzdDjpVEGro4FQpjiZ7uYGg6LmdgVzcnTUb8S2pZO4DwSAl5DLg
lancashire cheese,Dairy,http://t1.gstatic.com/images?q=tbn:ANd9GcRpdzJ6nB1TfgdyttcPLpcRyJbCuj6EQBlrTrm3owRhj4JQb5YXrW2QM7kg
tomatillo,Vegetables,http://t1.gstatic.com/images?q=tbn:ANd9GcSI7DfUtGEbQGu3zrJxL1LLRsvlgmIpUY-17BLbGSCuWgkyICmomi39RqJY
rye,Baking & Grains,http://t1.gstatic.com/images?q=tbn:ANd9GcSm7-E-OyWVpM1qgf2V5QohQhSrstJ-mCwyqZiQRHo-TsnXpiweA3-rfXA
veal shank,Meats,http://t1.gstatic.com/images?q=tbn:ANd9GcTzPAQk0OB7NJjoKRJ5b3Yoljj7tvQwOToGHm-7sC_z4TdbetQo_p_az5E
cheshire cheese,Dairy,http://t1.gstatic.com/images?q=tbn:ANd9GcQMf4XcEyhwWzvUHP14nepoIRD2fD1uZI7ONo67LOJ-Hq2KUHDkXn4AKi4
rocket,Vegetables,https://5.imimg.com/data5/QD/PY/MY-27583284/fresh-rocket-leaf-500x500.jpg
tapioca flour,Baking & Grains,http://t1.gstatic.com/images?q=tbn:ANd9GcR9o4q2X1rYelkiZqHJTj6ke7SuZLch8-IW7vUjV9-f4ezCzTPx5iM-Tax1
foie gras,Meats,http://t1.gstatic.com/images?q=tbn:ANd9GcRHfwuISRbhsXQKYQJgo4pFv9aozEk6_0DhiuvktGv9d72xMkBgg4kGg5Q
mustard greens,Vegetables,http://t1.gstatic.com/images?q=tbn:ANd9GcSgx_8yBvtH2qYHBRq0Zske5BPkcCo3die3p6RNX6Xjy7DX83hL3UYKOpU
shortcrust pastry,Baking & Grains,http://t1.gstatic.com/images?q=tbn:ANd9GcTc3Xc_rrEKway9QQ8Kj2Tz3KNXFWSgJ-rAC9hM9IuXn2xlVhv-N5_Xugo
beef sirloin,Meats,http://t1.gstatic.com/images?q=tbn:ANd9GcS2pfIMpz598oBuVYXPeHuzuCeUwoubh8UFHY4iVdXAuYf2B9jIRymXcOs
bamboo shoot,Vegetables,http://t1.gstatic.com/images?q=tbn:ANd9GcQ-qExZJfLbZijwOteM8lKuUawwqzLCwMKQUAgLTRZPiD-MEMv3Oem6kZcYIQ
potato starch,Baking & Grains,http://t1.gstatic.com/images?q=tbn:ANd9GcQFrhOhlFFYoYLm4FtXLq3RCsiGsK9h916z17foqQtohsD04JxpR9v2grKC
liver sausage,Meats,http://t1.gstatic.com/images?q=tbn:ANd9GcSB2rj7EQQCwMOnHc_AA28X2zCSPzycbC8d6HfX3RD5I0ErLJpRhy5_BZk
rutabaga,Vegetables,http://t1.gstatic.com/images?q=tbn:ANd9GcRbjD2-LY7rfPm_DQMH8jwi0rAjIOd2OOcX8h9lMmW7LNyy-GGpCUkmQSek
breadsticks,Baking & Grains,http://t1.gstatic.com/images?q=tbn:ANd9GcQzAWI90rUR4qUDnCPIb2AAHdnkPjAwcWJnawXvN-dpjzVUUGEwUshKFpo
sweetbread,Meats,http://t1.gstatic.com/images?q=tbn:ANd9GcTor1vojHGM8V5Un2WZ4pesrRdpjv3fCmIUZtM1xJiLpfMs51_qKQQ66Its
endive,Vegetables,http://t1.gstatic.com/images?q=tbn:ANd9GcRfZCreKuAfa6aNvUqthBsR5QNOOFhm-_DdammIUOIHVQBmss1W4cdKF5O4zg
ciabatta,Baking & Grains,http://t1.gstatic.com/images?q=tbn:ANd9GcRRdshUf9tuifSul-Ke0wlp51280XDwJHgHZ6EDCaENjkRYOBTTXjzzh-zd
wild boar,Meats,http://t1.gstatic.com/images?q=tbn:ANd9GcSMHExuJJnHr9G4Qz0DTM65DY_mxiZLObYKNXNTEOl65UsImeCEtME91T8c
broccoli rabe,Vegetables,http://t1.gstatic.com/images?q=tbn:ANd9GcQxqKdBoMkoniW7S6sdJwabRg81RvopumMyDde0nGfP1U2txc9ZItHYiaY
spelt,Baking & Grains,http://t1.gstatic.com/images?q=tbn:ANd9GcTr-COyQeCPIfiL3rqgegc-FccPlxTmdvRmVBVbq-migdkfacLedg_srq4
snail,Meats,http://t1.gstatic.com/images?q=tbn:ANd9GcQw47Z6q148FOrpd95wgJMJGYWsR04itb3wIqKo4x2Z4bHVEYXUHymmSg4I
jicama,Vegetables,http://t1.gstatic.com/images?q=tbn:ANd9GcSqyPUU1NZ9B6DWQT2r4BcsWj7WDnGZvkrWnR1vm_TtNctEA-EGBhdZTQQ9
angel food,Baking & Grains,http://t1.gstatic.com/images?q=tbn:ANd9GcSKqdxqb6HRdxqrFQsQOBA0FAzMYlUYnhHFrrGDoCwWHOHbkLE6a5exE-I
pigeon,Meats,http://t1.gstatic.com/images?q=tbn:ANd9GcQlsv0vkl9BYyuOscjivPpV30kZ0S_RWmXIh83C1Ktg7o_Gyc58KT8TRxo
kohlrabi,Vegetables,http://t1.gstatic.com/images?q=tbn:ANd9GcQLBOfi-1kozZaw_oamnIJJLjhvQ3CKNRyZkZKlbmTorMIWzs8lOOFEAns
tapioca starch,Baking & Grains,http://t1.gstatic.com/images?q=tbn:ANd9GcQqJdOr721VGfOz3795oHeYr0z9Kuq49fIb4mg1oKi5uuVNymEKt8I1w2Y
duck liver,Meats,http://t1.gstatic.com/images?q=tbn:ANd9GcQXeIbAAErf9JsIlv2GD0HwwSfzkWKWAMbcaa5yV0hCmc9_Sdevke3rFIKW
hearts of palm,Vegetables,http://t1.gstatic.com/images?q=tbn:ANd9GcTHsEFl1PRxdCgfrpP3a8aFPk_JdX46NuOtN-uNT6BBN2PW1Ld4G43YDGuc
starch,Baking & Grains,http://t1.gstatic.com/images?q=tbn:ANd9GcSrAokp5J-__uz4_vaOK7uBLP01pr8MMTvYSB1zF_aomRdBmg1hj8_D1pRr
goose liver,Meats,http://t1.gstatic.com/images?q=tbn:ANd9GcSiI4vcIUKl5zo9MYDoFbXvYjV3tmnBTWl2natOhAfRFThyd2gzEBX2Ccc
butternut,Vegetables,http://t1.gstatic.com/images?q=tbn:ANd9GcSL6D6HxxOqy0BMy7oVc5fooMZMhA-Jqho9Khos_imQs0STS-pJrQYSHy4f
whole wheat flour,Baking & Grains,http://t1.gstatic.com/images?q=tbn:ANd9GcSuHkcQFFQgEtau2-9iqqz7q4fs7QqCiClpucYp53w1q_vEE9iHFDhjt3i8SA
grouse,Meats,http://t1.gstatic.com/images?q=tbn:ANd9GcQTvLK0ajKK8Sfqlhz9hfXTVBhvlNjTmWa6TQZAd8f3CzEQKLLjFOmYNwOq
celery root,Vegetables,http://t1.gstatic.com/images?q=tbn:ANd9GcSEcBT7SFwDX3aKa6pthAJoeKXRUO61_s87bcvWy-kV1Cu06LdlTQvCXU3B
gram flour,Baking & Grains,http://t1.gstatic.com/images?q=tbn:ANd9GcTX9c0r6T5hu38R--VVN0VvGpDqu9vzn8LchMuc5jnVULHcHyFMIRg6ygYq
ostrich,Meats,http://t1.gstatic.com/images?q=tbn:ANd9GcTDjaphSMPeW4UsgAu9rdMGhbQ4094dNVQqofoXE5uCQ2zEcG2l6dZ6d6uD
daikon,Vegetables,http://t1.gstatic.com/images?q=tbn:ANd9GcTxRmt6q4Twbvn0yB2M_tCmFPWNo2LronhR1pzV0_XUAdg2AhAdKq6UiOH5
sourdough starter,Baking & Grains,http://t1.gstatic.com/images?q=tbn:ANd9GcQgbwi8qGznlWmgg1nvf0SR8lpKfgSeAxRC9oib_Ca-eXbFTEoNeUuXZhB6
soppressata,Meats,http://t1.gstatic.com/images?q=tbn:ANd9GcQ_q0dXOOda4IMZaMAnDv0pEoAvi1QP4Zh3ElEIDYO72tCFzBdItWrEyl2L
radicchio,Vegetables,http://t1.gstatic.com/images?q=tbn:ANd9GcTqgndjc4gOIhkrIR0R37l3OhehekP1KUxAfZFSY28gayKq9ANusmhUX5_n
wafer,Baking & Grains,http://t1.gstatic.com/images?q=tbn:ANd9GcTVYjHr5d4HFENye_2jpVC8DSvPppI6uRuyrFonGVbCdibGU7lMUcRwgg
alligator,Meats,http://t1.gstatic.com/images?q=tbn:ANd9GcTmbi_D7-qae5A0yVVqY7QkpkiivPw-L5u4lAvmsqIHNKzX8cpedIh-hLs
porcini,Vegetables,http://t1.gstatic.com/images?q=tbn:ANd9GcRu6cpYbK9Zl9anC2TNx3Ynh14HwSAfV5P06fW3ULznuN-mToGrH3801SU
bran,Baking & Grains,http://t1.gstatic.com/images?q=tbn:ANd9GcQPCrcjfmTxI2gxw9iwmEL9QB8mRS7y1L5bOPVz5RfByH_PjWUhqmi1R2qR
chinese broccoli,Vegetables,http://t1.gstatic.com/images?q=tbn:ANd9GcRNqXQLbk_kTYOZQ2igHkDoWQibnNGKM1nz2PJReBpZH9-LlczxXe8TfY0
challah,Baking & Grains,http://t1.gstatic.com/images?q=tbn:ANd9GcSJartGzM6WsSD1gaTQeBy1v_4OXJEFcma-2dWvJXtA_vPW4HhHkIyXXi_X
jerusalem artichoke,Vegetables,http://t1.gstatic.com/images?q=tbn:ANd9GcTIHTMnjh15dVEIKfsXGtHXJEBVB1ciPFfzk_bGLKIM14UTJOtPD1UkG08
sponge cake,Baking & Grains,http://t1.gstatic.com/images?q=tbn:ANd9GcTz9UhHXs0HbXPSqpsItS4D5qwpeJcZjKM1M_eKj1DgvdljF4eQhqjxpKzh
cress,Vegetables,http://t1.gstatic.com/images?q=tbn:ANd9GcTo6F-VVqYJ2WrlkzIcnRIkqii0yM7OSN5kxgqC_pJn2_83SPxaeqbTUkU
malt extract,Baking & Grains,http://t1.gstatic.com/images?q=tbn:ANd9GcRUbGe2z-iisV6_p0SPYmfnZ2PZTY5cL4k0eVwiefDAuQJM6a2LpN4dyw4
water chestnut,Vegetables,http://t1.gstatic.com/images?q=tbn:ANd9GcSNlqRlJnmriNxqaUTTS0RKblq45iqWdYJcdAYkTJHciaIJdfvBP3TxehY
sorghum flour,Baking & Grains,http://t1.gstatic.com/images?q=tbn:ANd9GcQKUpdixmp7z_boZxU0DIFDSI1P_FSWnuedW3UPCXahfKkSyY8fPpKKb5o1pw
dulse,Vegetables,http://t1.gstatic.com/images?q=tbn:ANd9GcTwG950T_x_qXKayfnRvOpHzDUZ3UQVk_PyaFGsR3vgmX0E8cNO3od-iAGc
micro greens,Vegetables,http://t1.gstatic.com/images?q=tbn:ANd9GcTqmUBJSCtBVMIegm7ApyUO7ZYAljRbpxXIDrRob0vG2dFxg6Algz9pvkc2
burdock,Vegetables,http://t1.gstatic.com/images?q=tbn:ANd9GcRswtZPKRDY3-B75YNFalXFlNAEYzTpWOai7wHHBcp11YLZmUSdlS3iD-I
chayote,Vegetables,http://t1.gstatic.com/images?q=tbn:ANd9GcSr4DsBBk1b2GyXiMsQE4IJJ0-I648hygde1bh-tgxS2L5m0zxVQDG81A
salt,Seasonings,http://t1.gstatic.com/images?q=tbn:ANd9GcRXnFAPdQ4xeXRiTpZHUn-lQbkerQf24VrkubcTFmZwv1ryJp73RsAzgJFu
water,Beverages,http://t1.gstatic.com/images?q=tbn:ANd9GcTgTgFPS4nClJ40xZooi1WgthjG2xnvGNlfXBeTK39FNCmklnddLkPUF4o
spaghetti,Baking & Grains,http://t1.gstatic.com/images?q=tbn:ANd9GcROnDLjaWYKXqlN3dMbYER5Ad4LNg8WewD7RPDglBxd7rj476NthaNXXmxZ
wonton wrapper,Baking & Grains,http://t1.gstatic.com/images?q=tbn:ANd9GcTcPaaLxPB6OuMnKa_Bu6WTKXXgX1zoGToTCM7vMNUIBvL2MWvgjlCbpEFE
all purpose flour,Baking & Grains,https://images-na.ssl-images-amazon.com/images/I/71wfKFPlftL._SY606_.jpg
food colour,Added Sweetners,http://t1.gstatic.com/images?q=tbn:ANd9GcQE__ZIFkPCoh-MUsWqEZxpgdpSi-rI0fpUX2xR0WmPe-T9b8D8sTu9QvaOVQ
chili oil,Oils,http://t1.gstatic.com/images?q=tbn:ANd9GcQOeKBNNU0_wUAfOQY-4rEOwY0I6oN20hAmI9tRaILfSITZnobN4THYl05Y
chutney,condiments,http://t1.gstatic.com/images?q=tbn:ANd9GcQQVHwMvGvtLieHJvuyI9dB9scIeiLRtRsOaqpPrN4mn6iLkxlqlyUNkdug2w
beef tenderloin,Meats,http://t1.gstatic.com/images?q=tbn:ANd9GcTs9lK7K4oRx2iizoTPQmltH7ESBHZD4ZtAb3p_N78DyQ3tmF0BQEFmkg
chickpea flour,Baking & Grains,http://t1.gstatic.com/images?q=tbn:ANd9GcT_3Or9Jy1wwpcGdzsNAak5imrLEvB2p8kxP87zM3DsLOB6VSydV7Db941g
whipped topping,Dairy Alternatives,http://t1.gstatic.com/images?q=tbn:ANd9GcT8bjrB7RthV6Lm0bWrwSQLU3XyTtMAcVPZ009zkQ3TxxM1_i5z37TMRD4
